transaccion_id,cuenta_origen_id,cuenta_destino_id,monto_centavos,moneda,creado_en,estado,motivo
TX000001,AC00128,AC00013,1409,USD,2023-04-11T16:29:14-05:00,COMPLETADA,OK
TX000002,AC00455,AC00126,37624,USD,2023-06-27T16:44:19-05:00,COMPLETADA,OK
TX000003,AC00019,AC00379,12629,USD,2023-07-10T18:16:00-05:00,COMPLETADA,OK
TX000004,AC00070,AC00381,18450,USD,2023-05-05T16:32:11-05:00,COMPLETADA,OK
TX000005,AC00411,AC00045,1345,USD,2023-10-16T17:51:24-05:00,COMPLETADA,OK
TX000006,AC00393,AC00017,9215,USD,2023-04-03T17:15:01-05:00,COMPLETADA,OK
TX000008,AC00069,AC00310,17142,USD,2023-05-08T17:47:59-05:00,COMPLETADA,OK
TX000010,AC00385,AC00360,81596,USD,2023-03-31T16:06:57-05:00,COMPLETADA,OK
TX000012,AC00459,AC00143,19002,USD,2023-02-06T17:30:00-05:00,COMPLETADA,OK
TX000013,AC00392,AC00004,49452,USD,2023-06-07T17:21:28-05:00,COMPLETADA,OK
TX000014,AC00264,AC00082,78176,USD,2023-11-20T16:39:00-05:00,COMPLETADA,OK
TX000015,AC00085,AC00176,16699,USD,2023-02-13T16:53:57-05:00,COMPLETADA,OK
TX000016,AC00270,AC00111,46545,USD,2023-12-12T16:23:31-05:00,COMPLETADA,OK
TX000017,AC00317,AC00173,55580,USD,2023-10-30T16:52:00-05:00,COMPLETADA,OK
TX000018,AC00359,AC00195,49293,USD,2023-12-14T00:00:00-05:00,COMPLETADA,OK
TX000019,AC00242,AC00435,1868,USD,2023-02-21T16:56:00-05:00,COMPLETADA,OK
TX000020,AC00285,AC00136,7148,USD,2023-06-08T18:18:50-05:00,COMPLETADA,OK
TX000021,AC00002,AC00375,5932,USD,2023-02-28T00:00:00-05:00,COMPLETADA,OK
TX000022,AC00014,AC00065,8577,USD,2023-08-11T18:31:31-05:00,COMPLETADA,OK
TX000024,AC00453,AC00151,34584,USD,2023-05-02T18:25:46-05:00,COMPLETADA,OK
TX000025,AC00241,AC00318,14554,USD,2023-03-02T16:43:56-05:00,COMPLETADA,OK
TX000026,AC00041,AC00187,749,USD,2023-10-20T17:53:13-05:00,COMPLETADA,OK
TX000027,AC00441,AC00361,24693,USD,2023-04-17T16:37:01-05:00,COMPLETADA,OK
TX000029,AC00390,AC00149,12745,USD,2023-01-24T16:18:32-05:00,COMPLETADA,OK
TX000030,AC00313,AC00439,5617,USD,2023-09-20T16:55:00-05:00,COMPLETADA,OK
TX000031,AC00367,AC00052,2831,USD,2023-07-17T17:49:00-05:00,COMPLETADA,OK
TX000032,AC00291,AC00233,5912,USD,2023-02-06T16:24:24-05:00,COMPLETADA,OK
TX000033,AC00060,AC00188,39645,USD,2023-09-25T16:26:00-05:00,COMPLETADA,OK
TX000034,AC00359,AC00182,87781,USD,2023-03-13T17:23:24-05:00,COMPLETADA,OK
TX000035,AC00365,AC00137,25526,USD,2023-10-27T16:42:49-05:00,COMPLETADA,OK
TX000036,AC00267,AC00351,12476,USD,2023-10-16T16:32:56-05:00,COMPLETADA,OK
TX000037,AC00404,AC00312,7813,USD,2023-11-21T16:58:00-05:00,COMPLETADA,OK
TX000038,AC00202,AC00275,64928,USD,2023-03-02T17:53:32-05:00,COMPLETADA,OK
TX000039,AC00478,AC00084,79531,USD,2023-10-12T17:07:40-05:00,COMPLETADA,OK
TX000040,AC00405,AC00139,33563,USD,2023-01-24T17:17:00-05:00,COMPLETADA,OK
TX000041,AC00421,AC00328,32847,USD,2023-07-31T18:39:50-05:00,COMPLETADA,OK
TX000042,AC00480,AC00113,3402,USD,2023-01-09T16:13:21-05:00,COMPLETADA,OK
TX000043,AC00120,AC00433,24142,USD,2023-04-20T00:00:00-05:00,COMPLETADA,OK
TX000044,AC00117,AC00029,5532,USD,2023-04-12T16:03:00-05:00,COMPLETADA,OK
TX000045,AC00011,AC00018,30431,USD,2023-07-26T16:52:28-05:00,COMPLETADA,OK
TX000046,AC00401,AC00206,43527,USD,2023-10-04T17:49:00-05:00,COMPLETADA,OK
TX000047,AC00282,AC00109,16449,USD,2023-12-13T16:01:38-05:00,COMPLETADA,OK
TX000048,AC00439,AC00291,51024,USD,2023-10-09T16:29:00-05:00,COMPLETADA,OK
TX000049,AC00296,AC00162,62690,USD,2023-11-27T00:00:00-05:00,COMPLETADA,OK
TX000050,AC00471,AC00256,2201,USD,2023-03-27T16:45:18-05:00,COMPLETADA,OK
TX000051,AC00159,AC00470,42534,USD,2023-02-13T00:00:00-05:00,COMPLETADA,OK
TX000052,AC00482,AC00074,42456,USD,2023-02-21T17:45:55-05:00,COMPLETADA,OK
TX000053,AC00115,AC00128,8543,USD,2023-06-07T16:45:34-05:00,COMPLETADA,OK
TX000054,AC00055,AC00277,16950,USD,2023-09-07T00:00:00-05:00,COMPLETADA,OK
TX000055,AC00419,AC00300,10463,USD,2023-03-29T17:47:16-05:00,COMPLETADA,OK
TX000056,AC00374,AC00299,31695,USD,2023-08-04T17:53:40-05:00,COMPLETADA,OK
TX000057,AC00271,AC00113,6054,USD,2023-12-14T17:52:37-05:00,RECHAZADA,Fondos insuficientes
TX000058,AC00456,AC00071,29256,USD,2023-03-03T17:37:00-05:00,COMPLETADA,OK
TX000059,AC00143,AC00047,38652,USD,2023-06-09T00:00:00-05:00,COMPLETADA,OK
TX000060,AC00427,AC00442,11207,USD,2023-10-02T16:35:00-05:00,COMPLETADA,OK
TX000061,AC00438,AC00322,56852,USD,2023-10-06T18:44:00-05:00,COMPLETADA,OK
TX000062,AC00002,AC00350,26399,USD,2023-05-16T16:07:30-05:00,COMPLETADA,OK
TX000063,AC00425,AC00033,34964,USD,2023-11-07T16:48:00-05:00,COMPLETADA,OK
TX000064,AC00325,AC00306,60140,USD,2023-05-30T17:43:00-05:00,COMPLETADA,OK
TX000065,AC00434,AC00271,577,USD,2023-11-02T16:01:00-05:00,COMPLETADA,OK
TX000066,AC00242,AC00285,20133,USD,2023-03-29T17:00:31-05:00,COMPLETADA,OK
TX000067,AC00319,AC00006,29842,USD,2023-04-25T16:11:00-05:00,COMPLETADA,OK
TX000068,AC00460,AC00059,52106,USD,2023-04-18T00:00:00-05:00,COMPLETADA,OK
TX000069,AC00461,AC00275,11728,USD,2023-02-09T16:34:53-05:00,COMPLETADA,OK
TX000070,AC00395,AC00394,18912,USD,2023-11-13T16:42:00-05:00,COMPLETADA,OK
TX000071,AC00217,AC00058,13355,USD,2023-07-18T16:12:00-05:00,COMPLETADA,OK
TX000072,AC00053,AC00082,14321,USD,2023-01-13T00:00:00-05:00,COMPLETADA,OK
TX000073,AC00282,AC00490,2477,USD,2023-07-04T18:20:00-05:00,COMPLETADA,OK
TX000074,AC00110,AC00370,23392,USD,2023-10-20T00:00:00-05:00,RECHAZADA,Fondos insuficientes
TX000075,AC00265,AC00257,121251,USD,2023-10-04T16:36:00-05:00,COMPLETADA,OK
TX000076,AC00239,AC00261,23212,USD,2023-12-28T17:31:03-05:00,COMPLETADA,OK
TX000077,AC00007,AC00447,16263,USD,2023-06-12T17:53:52-05:00,COMPLETADA,OK
TX000078,AC00022,AC00432,9153,USD,2023-03-13T16:32:00-05:00,COMPLETADA,OK
TX000079,AC00464,AC00312,12029,USD,2023-12-18T18:46:27-05:00,COMPLETADA,OK
TX000080,AC00014,AC00193,17425,USD,2023-07-17T18:54:31-05:00,COMPLETADA,OK
TX000081,AC00406,AC00277,18371,USD,2023-06-19T18:22:10-05:00,COMPLETADA,OK
TX000082,AC00445,AC00474,34539,USD,2023-10-23T17:13:57-05:00,COMPLETADA,OK
TX000083,AC00236,AC00001,92255,USD,2023-01-23T16:32:48-05:00,RECHAZADA,Fondos insuficientes
TX000084,AC00220,AC00252,25991,USD,2023-11-06T00:00:00-05:00,COMPLETADA,OK
TX000086,AC00098,AC00427,134019,USD,2023-09-29T17:22:10-05:00,RECHAZADA,Fondos insuficientes
TX000087,AC00303,AC00123,2456,USD,2023-10-20T17:27:35-05:00,COMPLETADA,OK
TX000089,AC00438,AC00041,961,USD,2023-06-22T18:37:29-05:00,COMPLETADA,OK
TX000090,AC00437,AC00249,39296,USD,2023-11-20T16:28:09-05:00,RECHAZADA,Fondos insuficientes
TX000091,AC00106,AC00391,71693,USD,2023-09-14T16:49:33-05:00,COMPLETADA,OK
TX000092,AC00310,AC00065,22385,USD,2023-10-02T16:36:00-05:00,RECHAZADA,Fondos insuficientes
TX000093,AC00149,AC00245,23066,USD,2023-03-27T00:00:00-05:00,COMPLETADA,OK
TX000094,AC00373,AC00085,44212,USD,2023-12-21T16:37:00-05:00,RECHAZADA,Fondos insuficientes
TX000095,AC00425,AC00448,64417,USD,2023-03-02T16:05:09-05:00,COMPLETADA,OK
TX000096,AC00010,AC00495,50868,USD,2023-06-26T16:16:50-05:00,COMPLETADA,OK
TX000097,AC00348,AC00277,85863,USD,2023-04-18T17:27:23-05:00,RECHAZADA,Fondos insuficientes
TX000098,AC00011,AC00355,2536,USD,2023-07-17T17:08:00-05:00,COMPLETADA,OK
TX000099,AC00453,AC00160,14762,USD,2023-09-01T00:00:00-05:00,COMPLETADA,OK
TX000100,AC00178,AC00345,11502,USD,2023-09-11T16:19:04-05:00,COMPLETADA,OK
TX000101,AC00265,AC00225,38337,USD,2023-01-24T17:23:56-05:00,COMPLETADA,OK
TX000102,AC00018,AC00233,9854,USD,2023-08-11T16:18:46-05:00,COMPLETADA,OK
TX000103,AC00075,AC00117,8324,USD,2023-10-16T18:35:11-05:00,COMPLETADA,OK
TX000105,AC00170,AC00118,12994,USD,2023-01-02T16:36:00-05:00,COMPLETADA,OK
TX000106,AC00235,AC00004,30690,USD,2023-11-30T16:31:03-05:00,COMPLETADA,OK
TX000107,AC00013,AC00325,11498,USD,2023-11-01T16:52:01-05:00,COMPLETADA,OK
TX000109,AC00423,AC00442,50376,USD,2023-11-27T18:32:49-05:00,COMPLETADA,OK
TX000110,AC00154,AC00265,14303,USD,2023-07-31T16:37:00-05:00,RECHAZADA,Fondos insuficientes
TX000111,AC00068,AC00344,104522,USD,2023-11-22T00:00:00-05:00,COMPLETADA,OK
TX000112,AC00318,AC00277,24554,USD,2023-03-21T16:29:00-05:00,COMPLETADA,OK
TX000113,AC00396,AC00480,25437,USD,2023-04-20T18:26:50-05:00,COMPLETADA,OK
TX000114,AC00121,AC00297,21376,USD,2023-03-01T17:52:00-05:00,COMPLETADA,OK
TX000115,AC00336,AC00403,32786,USD,2023-02-10T16:52:00-05:00,RECHAZADA,Fondos insuficientes
TX000116,AC00468,AC00209,250,USD,2023-07-21T16:43:11-05:00,RECHAZADA,Fondos insuficientes
TX000117,AC00282,AC00050,30008,USD,2023-10-09T17:02:00-05:00,COMPLETADA,OK
TX000118,AC00498,AC00182,5698,USD,2024-01-01T00:00:00-05:00,COMPLETADA,OK
TX000119,AC00085,AC00241,40765,USD,2023-07-07T16:11:00-05:00,RECHAZADA,Fondos insuficientes
TX000121,AC00295,AC00332,5357,USD,2023-08-16T16:17:12-05:00,COMPLETADA,OK
TX000122,AC00358,AC00207,6334,USD,2023-11-17T16:02:02-05:00,COMPLETADA,OK
TX000123,AC00311,AC00411,31787,USD,2023-05-22T17:29:35-05:00,COMPLETADA,OK
TX000124,AC00066,AC00129,33165,USD,2023-08-25T17:26:00-05:00,COMPLETADA,OK
TX000125,AC00340,AC00275,504,USD,2023-11-27T16:38:34-05:00,COMPLETADA,OK
TX000126,AC00284,AC00217,21454,USD,2023-08-04T17:46:44-05:00,COMPLETADA,OK
TX000127,AC00208,AC00238,59881,USD,2023-09-04T16:48:35-05:00,COMPLETADA,OK
TX000128,AC00176,AC00474,84128,USD,2023-08-09T17:34:26-05:00,COMPLETADA,OK
TX000129,AC00053,AC00415,3815,USD,2023-09-07T16:07:40-05:00,COMPLETADA,OK
TX000130,AC00320,AC00282,103666,USD,2023-07-11T16:39:53-05:00,COMPLETADA,OK
TX000131,AC00382,AC00334,12472,USD,2023-07-03T17:14:07-05:00,COMPLETADA,OK
TX000132,AC00384,AC00430,30245,USD,2023-09-25T17:13:36-05:00,COMPLETADA,OK
TX000134,AC00498,AC00435,577,USD,2023-11-17T17:27:07-05:00,COMPLETADA,OK
TX000136,AC00177,AC00110,1616,USD,2023-10-16T16:59:00-05:00,COMPLETADA,OK
TX000137,AC00284,AC00464,48608,USD,2023-06-20T17:21:00-05:00,COMPLETADA,OK
TX000140,AC00385,AC00403,23457,USD,2023-09-01T16:09:08-05:00,RECHAZADA,Fondos insuficientes
TX000141,AC00403,AC00147,600,USD,2023-10-23T18:38:15-05:00,RECHAZADA,Fondos insuficientes
TX000142,AC00114,AC00492,104992,USD,2023-10-23T16:50:33-05:00,COMPLETADA,OK
TX000143,AC00163,AC00403,22714,USD,2023-07-03T17:42:00-05:00,COMPLETADA,OK
TX000144,AC00108,AC00369,23374,USD,2023-10-24T00:00:00-05:00,RECHAZADA,Fondos insuficientes
TX000145,AC00397,AC00098,11302,USD,2023-09-25T16:54:22-05:00,COMPLETADA,OK
TX000146,AC00434,AC00497,4585,USD,2023-02-16T17:57:10-05:00,COMPLETADA,OK
TX000148,AC00161,AC00384,51495,USD,2023-04-13T18:37:48-05:00,COMPLETADA,OK
TX000149,AC00333,AC00026,41550,USD,2023-07-28T16:29:23-05:00,COMPLETADA,OK
TX000151,AC00072,AC00273,6940,USD,2023-07-24T18:08:00-05:00,COMPLETADA,OK
TX000152,AC00242,AC00493,33293,USD,2023-11-20T16:29:48-05:00,COMPLETADA,OK
TX000153,AC00303,AC00437,26790,USD,2023-10-09T16:52:47-05:00,COMPLETADA,OK
TX000154,AC00442,AC00305,49603,USD,2023-11-03T00:00:00-05:00,COMPLETADA,OK
TX000156,AC00174,AC00062,8302,USD,2023-09-04T17:59:51-05:00,COMPLETADA,OK
TX000157,AC00421,AC00292,9326,USD,2023-07-27T16:22:52-05:00,COMPLETADA,OK
TX000158,AC00111,AC00306,80337,USD,2023-04-17T16:08:34-05:00,RECHAZADA,Fondos insuficientes
TX000160,AC00492,AC00299,2853,USD,2023-05-31T00:00:00-05:00,COMPLETADA,OK
TX000161,AC00380,AC00162,13953,USD,2023-10-09T17:20:00-05:00,RECHAZADA,Fondos insuficientes
TX000162,AC00227,AC00105,30757,USD,2023-01-09T16:12:00-05:00,COMPLETADA,OK
TX000163,AC00257,AC00161,6065,USD,2023-05-26T18:15:08-05:00,COMPLETADA,OK
TX000164,AC00062,AC00204,7486,USD,2023-08-14T17:43:17-05:00,COMPLETADA,OK
TX000165,AC00383,AC00331,11797,USD,2023-11-24T18:51:32-05:00,COMPLETADA,OK
TX000166,AC00182,AC00162,23191,USD,2023-01-31T00:00:00-05:00,COMPLETADA,OK
TX000167,AC00478,AC00481,12621,USD,2023-02-14T16:07:01-05:00,COMPLETADA,OK
TX000168,AC00332,AC00235,50628,USD,2023-05-02T00:00:00-05:00,COMPLETADA,OK
TX000170,AC00331,AC00038,28185,USD,2023-05-16T17:26:37-05:00,COMPLETADA,OK
TX000171,AC00474,AC00260,77788,USD,2023-03-20T00:00:00-05:00,COMPLETADA,OK
TX000172,AC00268,AC00479,11918,USD,2023-08-25T00:00:00-05:00,RECHAZADA,Fondos insuficientes
TX000173,AC00247,AC00036,17719,USD,2023-05-15T17:25:00-05:00,COMPLETADA,OK
TX000174,AC00298,AC00190,26088,USD,2023-05-29T00:00:00-05:00,RECHAZADA,Fondos insuficientes
TX000175,AC00106,AC00226,16947,USD,2023-03-22T00:00:00-05:00,COMPLETADA,OK
TX000176,AC00035,AC00362,7323,USD,2023-05-19T00:00:00-05:00,COMPLETADA,OK
TX000177,AC00363,AC00415,136255,USD,2023-02-10T18:07:07-05:00,COMPLETADA,OK
TX000178,AC00273,AC00005,79257,USD,2023-05-22T16:22:36-05:00,COMPLETADA,OK
TX000179,AC00156,AC00285,23706,USD,2023-12-18T16:47:17-05:00,COMPLETADA,OK
TX000181,AC00036,AC00451,74025,USD,2023-07-19T17:03:58-05:00,COMPLETADA,OK
TX000182,AC00149,AC00060,45354,USD,2023-04-19T16:36:03-05:00,COMPLETADA,OK
TX000183,AC00225,AC00382,30047,USD,2023-11-13T16:11:52-05:00,COMPLETADA,OK
TX000184,AC00077,AC00141,11093,USD,2023-04-07T16:38:00-05:00,RECHAZADA,Fondos insuficientes
TX000185,AC00440,AC00108,20169,USD,2023-01-03T00:00:00-05:00,COMPLETADA,OK
TX000186,AC00321,AC00105,39921,USD,2023-01-30T16:15:49-05:00,COMPLETADA,OK
TX000187,AC00099,AC00438,104188,USD,2023-09-06T00:00:00-05:00,RECHAZADA,Fondos insuficientes
TX000188,AC00258,AC00251,63036,USD,2023-03-02T00:00:00-05:00,COMPLETADA,OK
TX000189,AC00132,AC00466,1094,USD,2023-10-23T00:00:00-05:00,COMPLETADA,OK
TX000190,AC00113,AC00048,21590,USD,2023-01-04T16:02:09-05:00,COMPLETADA,OK
TX000191,AC00396,AC00426,142255,USD,2023-07-10T17:49:18-05:00,COMPLETADA,OK
TX000192,AC00099,AC00002,22637,USD,2023-09-18T17:07:08-05:00,RECHAZADA,Fondos insuficientes
TX000193,AC00265,AC00067,44489,USD,2023-09-11T16:27:39-05:00,COMPLETADA,OK
TX000194,AC00047,AC00136,28057,USD,2023-01-27T17:35:05-05:00,COMPLETADA,OK
TX000195,AC00005,AC00228,48854,USD,2023-07-03T17:47:00-05:00,COMPLETADA,OK
TX000196,AC00363,AC00219,330,USD,2023-03-27T16:42:00-05:00,COMPLETADA,OK
TX000197,AC00426,AC00058,19939,USD,2023-08-21T16:16:00-05:00,COMPLETADA,OK
TX000198,AC00107,AC00454,2036,USD,2023-07-24T17:02:18-05:00,COMPLETADA,OK
TX000199,AC00237,AC00077,11364,USD,2023-10-24T17:09:00-05:00,COMPLETADA,OK
TX000201,AC00113,AC00284,30741,USD,2023-06-12T17:32:52-05:00,COMPLETADA,OK
TX000202,AC00010,AC00067,1118,USD,2023-11-30T16:52:00-05:00,COMPLETADA,OK
TX000205,AC00452,AC00021,14098,USD,2023-05-25T00:00:00-05:00,COMPLETADA,OK
TX000206,AC00020,AC00109,28804,USD,2023-08-24T16:47:21-05:00,RECHAZADA,Fondos insuficientes
TX000207,AC00181,AC00343,80055,USD,2023-05-04T16:21:31-05:00,COMPLETADA,OK
TX000208,AC00370,AC00401,48554,USD,2023-02-06T00:00:00-05:00,COMPLETADA,OK
TX000209,AC00453,AC00448,52115,USD,2023-02-17T18:16:05-05:00,COMPLETADA,OK
TX000210,AC00339,AC00318,32179,USD,2023-08-07T00:00:00-05:00,COMPLETADA,OK
TX000211,AC00249,AC00475,30493,USD,2023-02-24T00:00:00-05:00,COMPLETADA,OK
TX000212,AC00479,AC00443,43208,USD,2023-07-31T16:04:55-05:00,COMPLETADA,OK
TX000213,AC00301,AC00411,69420,USD,2023-12-07T16:20:08-05:00,COMPLETADA,OK
TX000214,AC00380,AC00453,11686,USD,2023-03-20T00:00:00-05:00,COMPLETADA,OK
TX000215,AC00130,AC00092,38681,USD,2023-03-03T00:00:00-05:00,RECHAZADA,Fondos insuficientes
TX000216,AC00006,AC00172,7488,USD,2023-05-24T16:25:50-05:00,RECHAZADA,Fondos insuficientes
TX000217,AC00096,AC00212,19576,USD,2023-05-22T16:17:19-05:00,COMPLETADA,OK
TX000218,AC00108,AC00444,13470,USD,2023-08-21T16:03:18-05:00,COMPLETADA,OK
TX000219,AC00070,AC00129,89024,USD,2023-07-07T18:03:00-05:00,COMPLETADA,OK
TX000220,AC00417,AC00404,36127,USD,2023-01-06T00:00:00-05:00,COMPLETADA,OK
TX000221,AC00391,AC00196,13156,USD,2023-10-19T16:42:37-05:00,COMPLETADA,OK
TX000222,AC00414,AC00441,48551,USD,2023-11-28T16:49:00-05:00,COMPLETADA,OK
TX000223,AC00004,AC00104,54787,USD,2023-07-10T00:00:00-05:00,COMPLETADA,OK
TX000224,AC00047,AC00237,45730,USD,2023-06-26T18:25:00-05:00,COMPLETADA,OK
TX000226,AC00314,AC00117,48659,USD,2023-12-19T16:55:17-05:00,COMPLETADA,OK
TX000227,AC00212,AC00339,16368,USD,2023-09-28T16:20:57-05:00,COMPLETADA,OK
TX000228,AC00115,AC00170,58165,USD,2023-01-09T16:54:58-05:00,COMPLETADA,OK
TX000229,AC00055,AC00036,5201,USD,2023-11-07T00:00:00-05:00,RECHAZADA,Fondos insuficientes
TX000230,AC00427,AC00143,63024,USD,2023-11-29T18:10:00-05:00,COMPLETADA,OK
TX000231,AC00401,AC00261,52374,USD,2023-11-02T16:36:37-05:00,RECHAZADA,Fondos insuficientes
TX000232,AC00430,AC00433,70560,USD,2023-02-20T00:00:00-05:00,COMPLETADA,OK
TX000233,AC00299,AC00482,21750,USD,2023-10-23T18:54:48-05:00,COMPLETADA,OK
TX000235,AC00430,AC00092,525,USD,2023-11-13T18:26:00-05:00,COMPLETADA,OK
TX000236,AC00175,AC00136,5403,USD,2023-09-19T17:16:46-05:00,COMPLETADA,OK
TX000238,AC00225,AC00375,36891,USD,2023-03-10T17:49:57-05:00,RECHAZADA,Fondos insuficientes
TX000239,AC00394,AC00224,3306,USD,2023-01-17T16:03:41-05:00,COMPLETADA,OK
TX000240,AC00026,AC00263,6650,USD,2023-05-04T16:44:00-05:00,COMPLETADA,OK
TX000241,AC00076,AC00462,17708,USD,2023-01-06T17:16:44-05:00,RECHAZADA,Fondos insuficientes
TX000242,AC00215,AC00131,58854,USD,2023-02-06T17:57:28-05:00,COMPLETADA,OK
TX000245,AC00004,AC00353,4066,USD,2024-01-01T16:08:49-05:00,COMPLETADA,OK
TX000246,AC00260,AC00381,9722,USD,2023-02-20T17:30:19-05:00,COMPLETADA,OK
TX000247,AC00415,AC00101,3407,USD,2023-11-06T17:22:00-05:00,COMPLETADA,OK
TX000248,AC00337,AC00036,49206,USD,2023-10-19T16:14:00-05:00,COMPLETADA,OK
TX000249,AC00253,AC00473,84201,USD,2023-09-12T16:43:27-05:00,COMPLETADA,OK
TX000250,AC00126,AC00162,7355,USD,2023-01-09T16:09:00-05:00,RECHAZADA,Fondos insuficientes
TX000251,AC00304,AC00064,76053,USD,2023-09-04T18:13:25-05:00,COMPLETADA,OK
TX000252,AC00470,AC00154,27308,USD,2023-01-30T16:09:08-05:00,COMPLETADA,OK
TX000253,AC00041,AC00343,37169,USD,2023-12-22T16:27:49-05:00,COMPLETADA,OK
TX000254,AC00442,AC00207,21896,USD,2023-08-30T16:11:47-05:00,COMPLETADA,OK
TX000255,AC00430,AC00284,22739,USD,2023-12-25T16:58:19-05:00,COMPLETADA,OK
TX000256,AC00258,AC00216,23799,USD,2023-05-08T16:45:11-05:00,COMPLETADA,OK
TX000257,AC00073,AC00196,18660,USD,2023-07-04T16:27:23-05:00,COMPLETADA,OK
TX000258,AC00430,AC00464,34115,USD,2023-02-13T00:00:00-05:00,COMPLETADA,OK
TX000259,AC00363,AC00292,43458,USD,2023-09-06T16:28:38-05:00,COMPLETADA,OK
TX000260,AC00307,AC00281,31288,USD,2023-05-26T18:12:50-05:00,COMPLETADA,OK
TX000261,AC00085,AC00157,7515,USD,2023-09-18T00:00:00-05:00,COMPLETADA,OK
TX000262,AC00448,AC00221,2330,USD,2023-08-14T18:13:00-05:00,COMPLETADA,OK
TX000265,AC00366,AC00346,48815,USD,2023-07-31T16:01:00-05:00,COMPLETADA,OK
TX000266,AC00338,AC00243,1282,USD,2023-04-05T00:00:00-05:00,COMPLETADA,OK
TX000267,AC00178,AC00493,6690,USD,2023-04-17T16:50:45-05:00,COMPLETADA,OK
TX000268,AC00424,AC00087,53591,USD,2023-07-07T16:38:00-05:00,COMPLETADA,OK
TX000269,AC00147,AC00146,27072,USD,2023-07-03T18:01:00-05:00,COMPLETADA,OK
TX000270,AC00171,AC00326,9798,USD,2023-02-06T16:09:48-05:00,COMPLETADA,OK
TX000271,AC00023,AC00049,19608,USD,2023-08-25T00:00:00-05:00,COMPLETADA,OK
TX000272,AC00263,AC00386,25118,USD,2023-06-01T16:51:11-05:00,COMPLETADA,OK
TX000273,AC00423,AC00159,4452,USD,2023-03-28T18:30:00-05:00,COMPLETADA,OK
TX000274,AC00455,AC00102,17887,USD,2023-05-23T00:00:00-05:00,COMPLETADA,OK
TX000275,AC00454,AC00024,117628,USD,2023-12-20T16:08:00-05:00,COMPLETADA,OK
TX000276,AC00055,AC00245,38668,USD,2023-10-31T16:48:01-05:00,COMPLETADA,OK
TX000277,AC00403,AC00394,16714,USD,2023-04-24T18:33:00-05:00,COMPLETADA,OK
TX000278,AC00220,AC00213,34522,USD,2023-09-05T16:55:47-05:00,COMPLETADA,OK
TX000279,AC00009,AC00296,7485,USD,2023-12-25T17:19:08-05:00,COMPLETADA,OK
TX000280,AC00445,AC00357,67173,USD,2023-10-16T16:15:00-05:00,COMPLETADA,OK
TX000281,AC00133,AC00206,25504,USD,2023-11-23T16:15:59-05:00,COMPLETADA,OK
TX000282,AC00362,AC00336,4577,USD,2023-02-09T17:50:23-05:00,COMPLETADA,OK
TX000283,AC00026,AC00459,32969,USD,2023-01-09T16:54:30-05:00,COMPLETADA,OK
TX000284,AC00387,AC00396,36204,USD,2023-07-10T00:00:00-05:00,COMPLETADA,OK
TX000285,AC00451,AC00399,1192,USD,2023-10-09T17:48:00-05:00,COMPLETADA,OK
TX000286,AC00033,AC00092,4742,USD,2023-12-19T16:46:00-05:00,COMPLETADA,OK
TX000287,AC00087,AC00358,3599,USD,2023-01-19T00:00:00-05:00,COMPLETADA,OK
TX000289,AC00177,AC00471,24262,USD,2023-07-10T16:40:00-05:00,COMPLETADA,OK
TX000290,AC00093,AC00235,4872,USD,2023-09-29T00:00:00-05:00,COMPLETADA,OK
TX000291,AC00427,AC00238,4346,USD,2023-07-21T17:02:00-05:00,COMPLETADA,OK
TX000292,AC00284,AC00288,103621,USD,2023-07-21T18:54:14-05:00,COMPLETADA,OK
TX000293,AC00189,AC00488,44379,USD,2023-10-09T18:28:04-05:00,COMPLETADA,OK
TX000294,AC00495,AC00227,36514,USD,2023-12-01T18:46:28-05:00,RECHAZADA,Fondos insuficientes
TX000295,AC00148,AC00370,75741,USD,2023-05-05T16:31:53-05:00,COMPLETADA,OK
TX000296,AC00272,AC00219,2054,USD,2023-08-21T18:09:24-05:00,COMPLETADA,OK
TX000297,AC00381,AC00281,47536,USD,2023-10-02T16:03:09-05:00,COMPLETADA,OK
TX000298,AC00110,AC00082,3474,USD,2023-06-26T16:40:00-05:00,COMPLETADA,OK
TX000299,AC00495,AC00244,68954,USD,2023-03-06T00:00:00-05:00,COMPLETADA,OK
TX000300,AC00035,AC00386,21118,USD,2023-10-16T16:09:00-05:00,COMPLETADA,OK
TX000301,AC00119,AC00328,21136,USD,2023-11-21T16:23:41-05:00,COMPLETADA,OK
TX000302,AC00488,AC00399,74441,USD,2023-07-31T00:00:00-05:00,COMPLETADA,OK
TX000303,AC00466,AC00321,6143,USD,2023-06-29T16:16:00-05:00,COMPLETADA,OK
TX000305,AC00306,AC00147,36146,USD,2023-04-07T17:23:00-05:00,RECHAZADA,Fondos insuficientes
TX000306,AC00431,AC00172,37885,USD,2023-06-16T00:00:00-05:00,COMPLETADA,OK
TX000307,AC00233,AC00278,24111,USD,2023-06-16T16:41:23-05:00,COMPLETADA,OK
TX000308,AC00389,AC00078,13193,USD,2023-09-11T00:00:00-05:00,COMPLETADA,OK
TX000309,AC00067,AC00357,2028,USD,2023-07-19T17:42:38-05:00,COMPLETADA,OK
TX000310,AC00300,AC00110,41588,USD,2023-04-27T17:30:16-05:00,COMPLETADA,OK
TX000312,AC00285,AC00239,122165,USD,2023-09-27T16:55:00-05:00,COMPLETADA,OK
TX000313,AC00219,AC00106,10066,USD,2023-06-16T18:58:50-05:00,COMPLETADA,OK
TX000314,AC00445,AC00200,48554,USD,2023-12-08T16:47:48-05:00,COMPLETADA,OK
TX000315,AC00371,AC00300,32115,USD,2023-02-10T17:06:40-05:00,COMPLETADA,OK
TX000316,AC00164,AC00011,71130,USD,2023-06-26T18:57:37-05:00,COMPLETADA,OK
TX000317,AC00200,AC00393,1223,USD,2023-10-12T16:02:13-05:00,COMPLETADA,OK
TX000318,AC00310,AC00245,35094,USD,2023-10-30T17:17:51-05:00,COMPLETADA,OK
TX000320,AC00444,AC00200,2934,USD,2023-03-09T17:37:08-05:00,COMPLETADA,OK
TX000321,AC00441,AC00490,23171,USD,2023-04-24T17:01:00-05:00,COMPLETADA,OK
TX000322,AC00300,AC00276,17943,USD,2023-08-11T18:20:48-05:00,COMPLETADA,OK
TX000323,AC00194,AC00281,3671,USD,2023-01-30T17:11:53-05:00,COMPLETADA,OK
TX000324,AC00248,AC00461,13812,USD,2023-04-11T17:18:50-05:00,RECHAZADA,Fondos insuficientes
TX000325,AC00286,AC00113,23324,USD,2023-04-17T16:56:00-05:00,COMPLETADA,OK
TX000326,AC00049,AC00250,60914,USD,2023-11-23T16:09:39-05:00,COMPLETADA,OK
TX000328,AC00434,AC00409,87043,USD,2023-05-31T00:00:00-05:00,COMPLETADA,OK
TX000329,AC00264,AC00085,35440,USD,2023-11-06T00:00:00-05:00,COMPLETADA,OK
TX000330,AC00316,AC00472,2263,USD,2023-02-20T00:00:00-05:00,COMPLETADA,OK
TX000331,AC00087,AC00320,18219,USD,2023-06-19T16:36:25-05:00,COMPLETADA,OK
TX000332,AC00140,AC00466,12681,USD,2023-10-30T16:58:01-05:00,COMPLETADA,OK
TX000333,AC00418,AC00289,28817,USD,2023-09-08T16:48:51-05:00,COMPLETADA,OK
TX000334,AC00187,AC00043,11877,USD,2023-10-02T00:00:00-05:00,COMPLETADA,OK
TX000335,AC00077,AC00070,65182,USD,2023-04-14T17:59:43-05:00,COMPLETADA,OK
TX000336,AC00141,AC00094,6665,USD,2023-10-17T16:58:59-05:00,RECHAZADA,Fondos insuficientes
TX000338,AC00439,AC00233,13895,USD,2023-06-02T16:48:00-05:00,COMPLETADA,OK
TX000339,AC00055,AC00391,3389,USD,2023-11-10T00:00:00-05:00,COMPLETADA,OK
TX000340,AC00299,AC00143,2371,USD,2023-09-18T16:04:52-05:00,RECHAZADA,Fondos insuficientes
TX000342,AC00171,AC00429,2606,USD,2023-12-21T17:01:00-05:00,COMPLETADA,OK
TX000343,AC00493,AC00010,1707,USD,2023-05-01T17:17:00-05:00,RECHAZADA,Fondos insuficientes
TX000344,AC00232,AC00027,70389,USD,2023-09-22T00:00:00-05:00,COMPLETADA,OK
TX000345,AC00156,AC00181,127190,USD,2023-08-28T16:43:15-05:00,COMPLETADA,OK
TX000346,AC00442,AC00036,2655,USD,2023-09-20T17:25:26-05:00,COMPLETADA,OK
TX000347,AC00375,AC00334,14740,USD,2023-06-09T16:10:00-05:00,COMPLETADA,OK
TX000349,AC00376,AC00103,30842,USD,2023-05-02T16:14:22-05:00,COMPLETADA,OK
TX000350,AC00029,AC00320,1118,USD,2023-02-27T00:00:00-05:00,COMPLETADA,OK
TX000351,AC00040,AC00066,29415,USD,2023-02-02T16:19:00-05:00,COMPLETADA,OK
TX000352,AC00482,AC00059,2958,USD,2023-10-30T00:00:00-05:00,COMPLETADA,OK
TX000353,AC00365,AC00112,13945,USD,2023-07-10T16:43:05-05:00,COMPLETADA,OK
TX000354,AC00340,AC00132,43263,USD,2023-06-30T17:10:00-05:00,COMPLETADA,OK
TX000355,AC00349,AC00086,13143,USD,2023-02-01T18:47:20-05:00,COMPLETADA,OK
TX000356,AC00374,AC00495,51672,USD,2023-10-09T18:43:00-05:00,COMPLETADA,OK
TX000357,AC00261,AC00059,12182,USD,2023-02-07T17:20:24-05:00,COMPLETADA,OK
TX000358,AC00459,AC00084,37450,USD,2023-07-24T16:45:31-05:00,RECHAZADA,Fondos insuficientes
TX000359,AC00331,AC00056,16613,USD,2023-09-06T17:01:00-05:00,COMPLETADA,OK
TX000360,AC00165,AC00477,62690,USD,2023-10-10T00:00:00-05:00,COMPLETADA,OK
TX000361,AC00397,AC00347,46685,USD,2023-07-17T16:57:14-05:00,COMPLETADA,OK
TX000362,AC00192,AC00194,78884,USD,2023-05-17T17:00:34-05:00,COMPLETADA,OK
TX000363,AC00063,AC00368,87365,USD,2023-03-23T16:38:40-05:00,RECHAZADA,Fondos insuficientes
TX000364,AC00478,AC00304,52528,USD,2023-04-03T16:37:24-05:00,COMPLETADA,OK
TX000365,AC00272,AC00323,11017,USD,2023-09-07T16:08:12-05:00,RECHAZADA,Fondos insuficientes
TX000366,AC00092,AC00358,63269,USD,2023-09-12T16:28:38-05:00,COMPLETADA,OK
TX000367,AC00332,AC00437,12435,USD,2023-12-08T16:39:15-05:00,COMPLETADA,OK
TX000368,AC00087,AC00414,4385,USD,2023-03-13T16:25:34-05:00,RECHAZADA,Fondos insuficientes
TX000369,AC00327,AC00290,28381,USD,2023-03-09T16:31:54-05:00,RECHAZADA,Fondos insuficientes
TX000370,AC00269,AC00178,16853,USD,2023-06-14T16:30:42-05:00,COMPLETADA,OK
TX000371,AC00177,AC00340,21859,USD,2023-11-27T00:00:00-05:00,COMPLETADA,OK
TX000372,AC00322,AC00260,13284,USD,2023-08-21T16:28:17-05:00,COMPLETADA,OK
TX000373,AC00069,AC00007,15737,USD,2023-11-15T16:54:44-05:00,COMPLETADA,OK
TX000374,AC00264,AC00423,14477,USD,2023-07-17T16:48:23-05:00,COMPLETADA,OK
TX000375,AC00014,AC00223,64322,USD,2023-05-03T17:04:32-05:00,COMPLETADA,OK
TX000376,AC00316,AC00327,139254,USD,2023-11-20T16:51:14-05:00,COMPLETADA,OK
TX000377,AC00131,AC00237,20807,USD,2023-07-10T16:51:12-05:00,RECHAZADA,Fondos insuficientes
TX000378,AC00232,AC00223,9430,USD,2023-12-25T17:53:56-05:00,COMPLETADA,OK
TX000379,AC00410,AC00268,29550,USD,2023-11-23T00:00:00-05:00,COMPLETADA,OK
TX000380,AC00488,AC00139,3023,USD,2023-11-06T17:53:00-05:00,COMPLETADA,OK
TX000381,AC00329,AC00472,11205,USD,2023-10-26T16:16:12-05:00,COMPLETADA,OK
TX000382,AC00021,AC00249,18024,USD,2023-07-03T17:03:48-05:00,COMPLETADA,OK
TX000383,AC00188,AC00424,1371,USD,2023-05-30T00:00:00-05:00,COMPLETADA,OK
TX000385,AC00090,AC00127,7935,USD,2023-05-29T00:00:00-05:00,COMPLETADA,OK
TX000386,AC00456,AC00045,10104,USD,2023-07-10T18:16:07-05:00,COMPLETADA,OK
TX000387,AC00322,AC00231,7442,USD,2023-11-23T17:23:16-05:00,COMPLETADA,OK
TX000388,AC00135,AC00239,3966,USD,2023-05-18T16:16:00-05:00,COMPLETADA,OK
TX000389,AC00279,AC00344,9936,USD,2023-05-09T16:55:54-05:00,COMPLETADA,OK
TX000390,AC00210,AC00015,12385,USD,2023-08-25T18:47:28-05:00,COMPLETADA,OK
TX000391,AC00251,AC00167,42693,USD,2023-12-25T17:05:00-05:00,COMPLETADA,OK
TX000392,AC00116,AC00109,13373,USD,2023-05-16T00:00:00-05:00,COMPLETADA,OK
TX000394,AC00265,AC00452,21594,USD,2023-06-05T16:06:00-05:00,COMPLETADA,OK
TX000395,AC00326,AC00452,630,USD,2023-12-14T00:00:00-05:00,COMPLETADA,OK
TX000396,AC00411,AC00006,82623,USD,2023-05-31T16:25:00-05:00,COMPLETADA,OK
TX000397,AC00039,AC00099,41637,USD,2023-10-11T16:14:28-05:00,COMPLETADA,OK
TX000398,AC00293,AC00370,13146,USD,2023-05-15T16:37:12-05:00,COMPLETADA,OK
TX000399,AC00306,AC00285,20286,USD,2023-05-22T17:24:46-05:00,RECHAZADA,Fondos insuficientes
TX000400,AC00285,AC00355,26839,USD,2023-06-26T18:25:14-05:00,COMPLETADA,OK
TX000401,AC00145,AC00366,19485,USD,2023-09-12T16:50:21-05:00,COMPLETADA,OK
TX000402,AC00128,AC00407,13735,USD,2023-03-29T00:00:00-05:00,COMPLETADA,OK
TX000404,AC00020,AC00356,35382,USD,2023-04-10T17:57:59-05:00,COMPLETADA,OK
TX000405,AC00229,AC00341,50725,USD,2023-10-30T17:21:38-05:00,COMPLETADA,OK
TX000406,AC00053,AC00244,21274,USD,2023-12-14T18:53:00-05:00,COMPLETADA,OK
TX000407,AC00401,AC00177,36442,USD,2023-10-10T17:07:00-05:00,COMPLETADA,OK
TX000408,AC00208,AC00383,19512,USD,2023-07-25T17:42:00-05:00,COMPLETADA,OK
TX000409,AC00177,AC00182,23061,USD,2023-09-04T16:41:19-05:00,COMPLETADA,OK
TX000410,AC00136,AC00140,73928,USD,2023-06-19T16:46:11-05:00,COMPLETADA,OK
TX000411,AC00029,AC00120,39035,USD,2023-09-26T18:36:46-05:00,RECHAZADA,Fondos insuficientes
TX000412,AC00210,AC00099,24203,USD,2023-03-13T16:08:41-05:00,COMPLETADA,OK
TX000413,AC00421,AC00381,24239,USD,2023-11-20T16:29:28-05:00,COMPLETADA,OK
TX000414,AC00400,AC00391,13503,USD,2023-02-24T17:00:26-05:00,COMPLETADA,OK
TX000415,AC00495,AC00099,8350,USD,2023-05-15T18:47:35-05:00,RECHAZADA,Fondos insuficientes
TX000416,AC00301,AC00248,19354,USD,2023-10-24T00:00:00-05:00,COMPLETADA,OK
TX000417,AC00434,AC00302,61736,USD,2023-11-21T00:00:00-05:00,COMPLETADA,OK
TX000418,AC00274,AC00269,77523,USD,2023-08-07T16:40:02-05:00,COMPLETADA,OK
TX000419,AC00365,AC00052,26657,USD,2023-09-26T17:07:06-05:00,COMPLETADA,OK
TX000420,AC00480,AC00152,15340,USD,2023-03-31T00:00:00-05:00,COMPLETADA,OK
TX000421,AC00318,AC00092,94694,USD,2023-12-11T17:19:07-05:00,COMPLETADA,OK
TX000422,AC00235,AC00364,512,USD,2023-10-13T16:08:26-05:00,COMPLETADA,OK
TX000423,AC00333,AC00141,11911,USD,2023-06-30T16:31:46-05:00,COMPLETADA,OK
TX000425,AC00267,AC00359,11972,USD,2023-02-03T18:15:15-05:00,COMPLETADA,OK
TX000426,AC00490,AC00327,10740,USD,2023-06-22T16:47:47-05:00,COMPLETADA,OK
TX000427,AC00229,AC00253,11592,USD,2023-01-17T18:42:28-05:00,RECHAZADA,Fondos insuficientes
TX000428,AC00196,AC00007,43804,USD,2023-08-24T18:54:06-05:00,COMPLETADA,OK
TX000429,AC00182,AC00242,67729,USD,2023-05-01T18:28:00-05:00,COMPLETADA,OK
TX000430,AC00357,AC00175,29600,USD,2023-05-15T16:25:29-05:00,RECHAZADA,Fondos insuficientes
TX000431,AC00443,AC00027,29909,USD,2023-01-16T16:14:45-05:00,COMPLETADA,OK
TX000432,AC00499,AC00442,46152,USD,2023-05-15T16:40:24-05:00,COMPLETADA,OK
TX000433,AC00285,AC00422,10052,USD,2023-01-30T17:28:00-05:00,COMPLETADA,OK
TX000435,AC00217,AC00324,7976,USD,2023-02-06T16:26:29-05:00,RECHAZADA,Fondos insuficientes
TX000436,AC00452,AC00078,77849,USD,2023-07-03T16:48:21-05:00,COMPLETADA,OK
TX000437,AC00357,AC00289,38638,USD,2023-01-24T16:00:00-05:00,COMPLETADA,OK
TX000438,AC00080,AC00044,16525,USD,2023-11-24T17:11:27-05:00,COMPLETADA,OK
TX000439,AC00493,AC00061,1429,USD,2023-02-28T00:00:00-05:00,COMPLETADA,OK
TX000440,AC00420,AC00214,23279,USD,2023-09-20T17:36:00-05:00,COMPLETADA,OK
TX000441,AC00040,AC00406,123756,USD,2023-11-13T00:00:00-05:00,COMPLETADA,OK
TX000442,AC00351,AC00399,9229,USD,2023-02-15T16:17:00-05:00,COMPLETADA,OK
TX000443,AC00070,AC00232,29397,USD,2023-11-13T17:34:15-05:00,COMPLETADA,OK
TX000444,AC00273,AC00153,13632,USD,2023-10-11T18:50:24-05:00,COMPLETADA,OK
TX000445,AC00280,AC00220,25106,USD,2023-12-06T00:00:00-05:00,COMPLETADA,OK
TX000446,AC00480,AC00318,5017,USD,2023-09-18T16:57:44-05:00,RECHAZADA,Fondos insuficientes
TX000448,AC00072,AC00487,7328,USD,2023-03-10T17:33:00-05:00,COMPLETADA,OK
TX000449,AC00093,AC00322,7023,USD,2023-09-13T16:18:07-05:00,COMPLETADA,OK
TX000450,AC00407,AC00339,68929,USD,2023-01-06T17:30:00-05:00,COMPLETADA,OK
TX000451,AC00495,AC00123,74503,USD,2023-08-03T17:42:00-05:00,COMPLETADA,OK
TX000452,AC00119,AC00039,5461,USD,2023-12-04T16:10:00-05:00,COMPLETADA,OK
TX000453,AC00271,AC00210,5405,USD,2023-04-25T00:00:00-05:00,COMPLETADA,OK
TX000454,AC00235,AC00306,10747,USD,2023-04-12T00:00:00-05:00,COMPLETADA,OK
TX000455,AC00264,AC00017,61111,USD,2023-10-18T18:32:31-05:00,COMPLETADA,OK
TX000457,AC00434,AC00442,18870,USD,2023-02-10T16:01:04-05:00,COMPLETADA,OK
TX000458,AC00290,AC00353,9352,USD,2023-08-14T17:41:00-05:00,COMPLETADA,OK
TX000459,AC00021,AC00137,27592,USD,2023-09-18T00:00:00-05:00,COMPLETADA,OK
TX000460,AC00499,AC00321,37679,USD,2023-01-30T17:47:00-05:00,RECHAZADA,Fondos insuficientes
TX000461,AC00148,AC00413,898,USD,2023-08-21T16:07:00-05:00,COMPLETADA,OK
TX000462,AC00200,AC00219,69732,USD,2023-05-11T16:30:00-05:00,COMPLETADA,OK
TX000463,AC00074,AC00117,1745,USD,2023-09-13T16:41:00-05:00,COMPLETADA,OK
TX000464,AC00417,AC00467,30216,USD,2023-10-18T17:47:00-05:00,COMPLETADA,OK
TX000465,AC00182,AC00073,44274,USD,2023-10-16T17:47:41-05:00,COMPLETADA,OK
TX000466,AC00177,AC00085,62390,USD,2023-08-08T17:44:21-05:00,COMPLETADA,OK
TX000467,AC00063,AC00306,44541,USD,2023-11-20T16:27:31-05:00,RECHAZADA,Fondos insuficientes
TX000468,AC00300,AC00292,6341,USD,2023-11-24T17:29:06-05:00,RECHAZADA,Fondos insuficientes
TX000469,AC00218,AC00226,34685,USD,2023-11-03T18:33:50-05:00,COMPLETADA,OK
TX000470,AC00036,AC00354,7195,USD,2023-02-13T16:39:00-05:00,COMPLETADA,OK
TX000471,AC00371,AC00207,750,USD,2023-02-17T16:08:00-05:00,COMPLETADA,OK
TX000472,AC00398,AC00257,20646,USD,2023-11-27T18:26:00-05:00,RECHAZADA,Fondos insuficientes
TX000473,AC00213,AC00226,42311,USD,2023-07-25T18:41:00-05:00,COMPLETADA,OK
TX000475,AC00219,AC00378,8860,USD,2023-02-14T17:01:44-05:00,COMPLETADA,OK
TX000476,AC00464,AC00129,143130,USD,2023-09-04T18:46:40-05:00,COMPLETADA,OK
TX000478,AC00054,AC00430,2246,USD,2023-05-17T00:00:00-05:00,COMPLETADA,OK
TX000479,AC00392,AC00301,33489,USD,2023-07-20T18:23:13-05:00,RECHAZADA,Fondos insuficientes
TX000480,AC00350,AC00393,31927,USD,2023-07-20T16:58:05-05:00,COMPLETADA,OK
TX000481,AC00306,AC00138,14430,USD,2023-12-08T17:24:00-05:00,COMPLETADA,OK
TX000482,AC00229,AC00392,34870,USD,2023-05-02T17:13:45-05:00,COMPLETADA,OK
TX000483,AC00148,AC00242,36621,USD,2023-01-12T00:00:00-05:00,COMPLETADA,OK
TX000484,AC00305,AC00227,9911,USD,2023-05-01T16:58:41-05:00,COMPLETADA,OK
TX000485,AC00329,AC00093,53935,USD,2023-05-22T17:34:50-05:00,COMPLETADA,OK
TX000486,AC00400,AC00224,18899,USD,2023-06-08T16:43:06-05:00,RECHAZADA,Fondos insuficientes
TX000487,AC00148,AC00253,141669,USD,2023-01-16T00:00:00-05:00,COMPLETADA,OK
TX000488,AC00128,AC00242,71014,USD,2023-03-08T16:20:43-05:00,RECHAZADA,Fondos insuficientes
TX000489,AC00463,AC00171,30868,USD,2023-02-27T00:00:00-05:00,COMPLETADA,OK
TX000490,AC00256,AC00054,16668,USD,2023-03-27T00:00:00-05:00,COMPLETADA,OK
TX000491,AC00166,AC00170,99,USD,2023-09-13T16:55:14-05:00,COMPLETADA,OK
TX000492,AC00318,AC00254,50519,USD,2023-03-14T16:25:04-05:00,COMPLETADA,OK
TX000493,AC00213,AC00485,6658,USD,2023-12-04T17:06:43-05:00,COMPLETADA,OK
TX000494,AC00075,AC00391,22343,USD,2023-02-08T17:59:00-05:00,COMPLETADA,OK
TX000495,AC00498,AC00233,65995,USD,2023-09-20T00:00:00-05:00,RECHAZADA,Fondos insuficientes
TX000496,AC00039,AC00131,63486,USD,2023-08-10T16:28:00-05:00,COMPLETADA,OK
TX000497,AC00114,AC00498,28650,USD,2023-10-23T16:58:00-05:00,COMPLETADA,OK
TX000498,AC00326,AC00444,32296,USD,2023-11-27T16:21:20-05:00,RECHAZADA,Fondos insuficientes
TX000499,AC00450,AC00001,65448,USD,2023-08-07T16:37:06-05:00,COMPLETADA,OK
TX000500,AC00325,AC00278,15797,USD,2023-06-21T16:00:51-05:00,COMPLETADA,OK
TX000501,AC00433,AC00028,12090,USD,2023-07-12T00:00:00-05:00,COMPLETADA,OK
TX000502,AC00284,AC00186,25477,USD,2023-01-18T16:47:29-05:00,COMPLETADA,OK
TX000503,AC00103,AC00257,79596,USD,2023-09-28T17:53:00-05:00,COMPLETADA,OK
TX000504,AC00080,AC00391,14925,USD,2023-04-10T16:38:45-05:00,COMPLETADA,OK
TX000506,AC00095,AC00476,6819,USD,2023-03-14T16:07:32-05:00,COMPLETADA,OK
TX000507,AC00327,AC00452,49342,USD,2023-06-14T17:21:00-05:00,COMPLETADA,OK
TX000508,AC00491,AC00063,3757,USD,2023-04-26T18:35:00-05:00,RECHAZADA,Fondos insuficientes
TX000510,AC00266,AC00123,9689,USD,2023-03-16T16:02:01-05:00,COMPLETADA,OK
TX000511,AC00167,AC00160,44833,USD,2023-05-01T16:11:56-05:00,COMPLETADA,OK
TX000512,AC00153,AC00284,111648,USD,2023-09-18T17:44:50-05:00,RECHAZADA,Fondos insuficientes
TX000513,AC00012,AC00117,865,USD,2023-06-05T17:08:37-05:00,COMPLETADA,OK
TX000514,AC00469,AC00468,6557,USD,2023-04-06T17:24:16-05:00,COMPLETADA,OK
TX000515,AC00127,AC00486,53981,USD,2023-02-21T16:14:00-05:00,COMPLETADA,OK
TX000516,AC00480,AC00427,36353,USD,2023-01-18T17:03:54-05:00,COMPLETADA,OK
TX000517,AC00092,AC00479,6490,USD,2023-02-14T00:00:00-05:00,COMPLETADA,OK
TX000519,AC00067,AC00214,16720,USD,2023-01-18T17:53:37-05:00,RECHAZADA,Fondos insuficientes
TX000520,AC00014,AC00243,12191,USD,2023-06-26T18:39:52-05:00,COMPLETADA,OK
TX000521,AC00098,AC00284,13757,USD,2023-12-11T00:00:00-05:00,COMPLETADA,OK
TX000522,AC00345,AC00098,53462,USD,2023-12-05T00:00:00-05:00,COMPLETADA,OK
TX000523,AC00360,AC00261,46392,USD,2023-03-13T16:41:12-05:00,COMPLETADA,OK
TX000524,AC00043,AC00071,32014,USD,2023-01-31T16:58:42-05:00,COMPLETADA,OK
TX000525,AC00295,AC00142,21493,USD,2023-05-15T17:02:15-05:00,COMPLETADA,OK
TX000526,AC00313,AC00439,66002,USD,2023-10-12T00:00:00-05:00,COMPLETADA,OK
TX000527,AC00173,AC00480,34581,USD,2023-06-26T16:10:57-05:00,COMPLETADA,OK
TX000530,AC00265,AC00430,106325,USD,2023-01-17T16:48:10-05:00,COMPLETADA,OK
TX000531,AC00369,AC00338,54179,USD,2023-08-11T00:00:00-05:00,COMPLETADA,OK
TX000532,AC00033,AC00078,4057,USD,2023-02-13T17:02:27-05:00,COMPLETADA,OK
TX000533,AC00077,AC00249,12024,USD,2023-08-28T16:52:00-05:00,COMPLETADA,OK
TX000534,AC00437,AC00283,49867,USD,2023-12-05T16:19:23-05:00,RECHAZADA,Fondos insuficientes
TX000535,AC00152,AC00195,22722,USD,2023-03-27T18:52:00-05:00,COMPLETADA,OK
TX000536,AC00161,AC00166,118286,USD,2023-12-11T00:00:00-05:00,COMPLETADA,OK
TX000537,AC00125,AC00359,5694,USD,2023-12-11T16:52:47-05:00,COMPLETADA,OK
TX000538,AC00311,AC00197,62982,USD,2023-07-17T16:22:00-05:00,COMPLETADA,OK
TX000539,AC00183,AC00399,5944,USD,2023-06-13T17:52:56-05:00,COMPLETADA,OK
TX000540,AC00407,AC00163,18669,USD,2023-12-29T16:38:21-05:00,COMPLETADA,OK
TX000541,AC00093,AC00363,23046,USD,2023-04-25T17:33:27-05:00,COMPLETADA,OK
TX000542,AC00314,AC00196,6509,USD,2023-02-28T17:58:02-05:00,COMPLETADA,OK
TX000543,AC00467,AC00340,45709,USD,2023-05-25T16:52:57-05:00,COMPLETADA,OK
TX000544,AC00316,AC00335,55202,USD,2023-11-30T16:51:46-05:00,COMPLETADA,OK
TX000545,AC00145,AC00255,37712,USD,2023-08-14T17:12:27-05:00,COMPLETADA,OK
TX000546,AC00045,AC00066,20456,USD,2023-09-11T17:51:17-05:00,COMPLETADA,OK
TX000547,AC00005,AC00304,42028,USD,2023-05-17T17:28:25-05:00,COMPLETADA,OK
TX000548,AC00456,AC00052,9709,USD,2023-04-10T18:26:00-05:00,COMPLETADA,OK
TX000549,AC00041,AC00227,12459,USD,2023-05-05T17:32:18-05:00,COMPLETADA,OK
TX000550,AC00257,AC00468,7388,USD,2023-01-02T00:00:00-05:00,COMPLETADA,OK
TX000551,AC00356,AC00371,7743,USD,2023-01-19T16:11:00-05:00,COMPLETADA,OK
TX000552,AC00465,AC00446,10616,USD,2023-04-14T17:21:48-05:00,COMPLETADA,OK
TX000553,AC00158,AC00080,24593,USD,2023-06-06T00:00:00-05:00,COMPLETADA,OK
TX000554,AC00086,AC00402,62241,USD,2023-12-11T00:00:00-05:00,COMPLETADA,OK
TX000555,AC00322,AC00174,4373,USD,2023-04-03T16:43:00-05:00,COMPLETADA,OK
TX000556,AC00433,AC00204,128286,USD,2023-05-15T16:52:40-05:00,RECHAZADA,Fondos insuficientes
TX000557,AC00083,AC00438,203,USD,2024-01-01T16:07:05-05:00,COMPLETADA,OK
TX000558,AC00402,AC00346,77065,USD,2023-07-05T17:49:26-05:00,COMPLETADA,OK
TX000559,AC00317,AC00195,26031,USD,2023-02-28T00:00:00-05:00,COMPLETADA,OK
TX000560,AC00030,AC00322,35610,USD,2023-10-25T16:13:00-05:00,COMPLETADA,OK
TX000561,AC00114,AC00390,2707,USD,2023-03-06T17:39:01-05:00,COMPLETADA,OK
TX000562,AC00301,AC00278,11989,USD,2023-12-19T17:11:31-05:00,COMPLETADA,OK
TX000564,AC00223,AC00352,1204,USD,2023-11-15T16:08:52-05:00,COMPLETADA,OK
TX000565,AC00413,AC00117,36570,USD,2023-01-27T16:35:40-05:00,COMPLETADA,OK
TX000566,AC00086,AC00224,2938,USD,2023-02-15T16:30:00-05:00,COMPLETADA,OK
TX000567,AC00216,AC00391,31985,USD,2023-07-26T16:44:22-05:00,COMPLETADA,OK
TX000568,AC00240,AC00448,35014,USD,2023-03-24T00:00:00-05:00,COMPLETADA,OK
TX000569,AC00298,AC00086,16394,USD,2023-08-03T18:49:37-05:00,COMPLETADA,OK
TX000570,AC00460,AC00464,17053,USD,2023-02-06T18:59:44-05:00,COMPLETADA,OK
TX000572,AC00434,AC00151,4149,USD,2023-04-24T16:47:20-05:00,COMPLETADA,OK
TX000573,AC00471,AC00221,12143,USD,2023-03-21T16:20:33-05:00,COMPLETADA,OK
TX000574,AC00461,AC00272,35046,USD,2023-12-08T00:00:00-05:00,COMPLETADA,OK
TX000575,AC00188,AC00351,22041,USD,2023-09-04T16:42:00-05:00,COMPLETADA,OK
TX000576,AC00013,AC00089,3346,USD,2023-02-20T00:00:00-05:00,COMPLETADA,OK
TX000577,AC00345,AC00313,10479,USD,2023-08-07T16:06:00-05:00,COMPLETADA,OK
TX000578,AC00013,AC00319,24627,USD,2023-12-27T16:48:00-05:00,COMPLETADA,OK
TX000580,AC00192,AC00074,33200,USD,2023-04-27T16:27:41-05:00,COMPLETADA,OK
TX000581,AC00378,AC00327,11810,USD,2023-10-31T00:00:00-05:00,COMPLETADA,OK
TX000582,AC00205,AC00131,8459,USD,2023-04-19T16:54:46-05:00,COMPLETADA,OK
TX000583,AC00475,AC00461,29564,USD,2023-12-14T00:00:00-05:00,COMPLETADA,OK
TX000584,AC00022,AC00463,51433,USD,2023-06-02T16:27:08-05:00,COMPLETADA,OK
TX000585,AC00150,AC00281,99217,USD,2023-02-27T00:00:00-05:00,COMPLETADA,OK
TX000586,AC00362,AC00227,9459,USD,2023-12-01T17:04:00-05:00,COMPLETADA,OK
TX000587,AC00170,AC00302,8043,USD,2023-01-04T16:09:43-05:00,COMPLETADA,OK
TX000588,AC00429,AC00494,5425,USD,2023-07-31T16:51:50-05:00,COMPLETADA,OK
TX000589,AC00418,AC00129,17888,USD,2023-06-19T00:00:00-05:00,COMPLETADA,OK
TX000591,AC00449,AC00197,1065,USD,2023-04-24T16:24:49-05:00,COMPLETADA,OK
TX000592,AC00057,AC00055,19862,USD,2023-05-15T16:19:14-05:00,COMPLETADA,OK
TX000593,AC00426,AC00293,10703,USD,2023-03-06T18:27:13-05:00,COMPLETADA,OK
TX000594,AC00039,AC00153,13957,USD,2023-11-17T00:00:00-05:00,COMPLETADA,OK
TX000595,AC00051,AC00153,31247,USD,2023-05-02T00:00:00-05:00,COMPLETADA,OK
TX000597,AC00039,AC00142,13806,USD,2023-07-25T17:21:00-05:00,COMPLETADA,OK
TX000599,AC00095,AC00383,83001,USD,2023-07-21T16:43:00-05:00,COMPLETADA,OK
TX000600,AC00211,AC00468,43550,USD,2023-05-15T18:41:05-05:00,COMPLETADA,OK
TX000601,AC00184,AC00256,11049,USD,2023-10-31T17:06:47-05:00,COMPLETADA,OK
TX000602,AC00436,AC00464,32940,USD,2023-12-25T16:30:09-05:00,COMPLETADA,OK
TX000603,AC00107,AC00411,63540,USD,2023-09-19T16:55:00-05:00,COMPLETADA,OK
TX000604,AC00203,AC00412,76997,USD,2023-02-16T18:56:00-05:00,COMPLETADA,OK
TX000605,AC00398,AC00326,17507,USD,2023-09-04T17:46:20-05:00,COMPLETADA,OK
TX000606,AC00312,AC00129,731,USD,2023-06-26T16:04:11-05:00,COMPLETADA,OK
TX000607,AC00225,AC00371,17515,USD,2023-11-09T17:02:00-05:00,COMPLETADA,OK
TX000608,AC00150,AC00350,3254,USD,2023-07-04T00:00:00-05:00,COMPLETADA,OK
TX000609,AC00413,AC00322,12182,USD,2023-09-08T18:24:14-05:00,COMPLETADA,OK
TX000610,AC00479,AC00322,5612,USD,2023-09-13T18:49:55-05:00,RECHAZADA,Fondos insuficientes
TX000611,AC00078,AC00160,42470,USD,2023-01-30T17:37:14-05:00,COMPLETADA,OK
TX000612,AC00242,AC00018,3516,USD,2023-10-25T17:50:23-05:00,COMPLETADA,OK
TX000613,AC00149,AC00376,3573,USD,2023-06-12T16:48:03-05:00,COMPLETADA,OK
TX000614,AC00084,AC00467,344,USD,2023-01-19T17:24:30-05:00,COMPLETADA,OK
TX000615,AC00466,AC00383,134225,USD,2023-04-28T18:11:55-05:00,COMPLETADA,OK
TX000616,AC00359,AC00103,13903,USD,2023-08-30T18:00:09-05:00,RECHAZADA,Fondos insuficientes
TX000617,AC00023,AC00278,25492,USD,2023-09-18T16:04:00-05:00,COMPLETADA,OK
TX000618,AC00366,AC00188,11511,USD,2023-05-05T17:34:00-05:00,COMPLETADA,OK
TX000619,AC00170,AC00469,17111,USD,2023-05-15T00:00:00-05:00,COMPLETADA,OK
TX000621,AC00183,AC00424,42076,USD,2023-02-23T16:04:35-05:00,COMPLETADA,OK
TX000622,AC00219,AC00497,40846,USD,2023-03-01T16:17:46-05:00,COMPLETADA,OK
TX000623,AC00354,AC00384,116242,USD,2023-08-23T16:35:42-05:00,COMPLETADA,OK
TX000624,AC00290,AC00413,34217,USD,2023-12-14T16:09:42-05:00,COMPLETADA,OK
TX000625,AC00425,AC00495,58071,USD,2023-09-20T16:37:48-05:00,COMPLETADA,OK
TX000626,AC00370,AC00388,82154,USD,2023-08-22T18:11:16-05:00,COMPLETADA,OK
TX000627,AC00454,AC00441,25347,USD,2023-06-14T00:00:00-05:00,COMPLETADA,OK
TX000628,AC00403,AC00346,2281,USD,2023-05-29T17:53:03-05:00,COMPLETADA,OK
TX000629,AC00358,AC00497,26657,USD,2023-07-03T17:56:59-05:00,COMPLETADA,OK
TX000630,AC00296,AC00286,37461,USD,2023-08-29T18:30:00-05:00,COMPLETADA,OK
TX000631,AC00393,AC00406,33935,USD,2023-02-03T16:08:00-05:00,COMPLETADA,OK
TX000632,AC00223,AC00136,81036,USD,2023-01-17T16:59:03-05:00,COMPLETADA,OK
TX000633,AC00487,AC00233,983,USD,2023-07-24T17:04:17-05:00,COMPLETADA,OK
TX000634,AC00215,AC00385,13557,USD,2023-06-14T17:17:34-05:00,COMPLETADA,OK
TX000635,AC00275,AC00301,34005,USD,2023-10-27T17:26:53-05:00,COMPLETADA,OK
TX000636,AC00482,AC00327,28345,USD,2023-10-17T17:24:47-05:00,COMPLETADA,OK
TX000637,AC00357,AC00056,10099,USD,2023-05-29T00:00:00-05:00,COMPLETADA,OK
TX000638,AC00026,AC00243,9088,USD,2023-02-20T16:48:00-05:00,COMPLETADA,OK
TX000640,AC00058,AC00169,32055,USD,2023-05-01T17:11:47-05:00,COMPLETADA,OK
TX000641,AC00170,AC00114,4151,USD,2023-10-04T16:47:33-05:00,COMPLETADA,OK
TX000642,AC00262,AC00327,7153,USD,2023-10-30T00:00:00-05:00,COMPLETADA,OK
TX000643,AC00032,AC00467,46713,USD,2023-09-28T17:18:00-05:00,COMPLETADA,OK
TX000644,AC00131,AC00334,23540,USD,2023-09-26T17:02:25-05:00,COMPLETADA,OK
TX000645,AC00176,AC00072,15932,USD,2023-01-16T18:57:00-05:00,COMPLETADA,OK
TX000647,AC00056,AC00254,5689,USD,2023-02-03T18:03:56-05:00,RECHAZADA,Fondos insuficientes
TX000648,AC00276,AC00121,2022,USD,2023-03-10T00:00:00-05:00,COMPLETADA,OK
TX000649,AC00447,AC00070,5040,USD,2023-03-27T17:02:00-05:00,RECHAZADA,Fondos insuficientes
TX000650,AC00143,AC00191,7388,USD,2023-05-08T17:42:00-05:00,RECHAZADA,Fondos insuficientes
TX000651,AC00139,AC00382,11961,USD,2023-03-14T00:00:00-05:00,RECHAZADA,Fondos insuficientes
TX000652,AC00208,AC00278,124105,USD,2023-11-21T16:26:41-05:00,COMPLETADA,OK
TX000653,AC00426,AC00381,11658,USD,2023-08-31T16:38:18-05:00,COMPLETADA,OK
TX000654,AC00423,AC00455,191911,USD,2023-06-27T17:48:25-05:00,COMPLETADA,OK
TX000655,AC00381,AC00051,39196,USD,2023-06-19T16:21:58-05:00,COMPLETADA,OK
TX000656,AC00458,AC00316,15626,USD,2023-01-02T17:49:00-05:00,COMPLETADA,OK
TX000657,AC00014,AC00489,42700,USD,2023-07-31T00:00:00-05:00,COMPLETADA,OK
TX000658,AC00071,AC00355,44368,USD,2023-04-25T00:00:00-05:00,COMPLETADA,OK
TX000659,AC00054,AC00229,10176,USD,2023-02-20T17:27:00-05:00,COMPLETADA,OK
TX000660,AC00182,AC00121,6757,USD,2023-08-17T00:00:00-05:00,COMPLETADA,OK
TX000661,AC00257,AC00051,32629,USD,2023-12-06T17:10:35-05:00,COMPLETADA,OK
TX000662,AC00006,AC00190,15856,USD,2023-02-28T17:28:00-05:00,COMPLETADA,OK
TX000663,AC00424,AC00331,5602,USD,2023-06-19T17:50:29-05:00,COMPLETADA,OK
TX000664,AC00131,AC00205,28828,USD,2023-01-17T00:00:00-05:00,COMPLETADA,OK
TX000665,AC00133,AC00497,24567,USD,2023-01-02T18:35:07-05:00,COMPLETADA,OK
TX000666,AC00393,AC00436,15218,USD,2023-08-07T16:57:00-05:00,COMPLETADA,OK
TX000667,AC00361,AC00047,11435,USD,2023-11-27T16:16:00-05:00,RECHAZADA,Fondos insuficientes
TX000668,AC00092,AC00330,37327,USD,2023-07-18T18:03:03-05:00,COMPLETADA,OK
TX000671,AC00323,AC00065,82015,USD,2023-12-18T16:33:00-05:00,COMPLETADA,OK
TX000672,AC00372,AC00106,98681,USD,2023-03-31T16:52:00-05:00,COMPLETADA,OK
TX000674,AC00130,AC00302,19749,USD,2023-07-03T16:36:45-05:00,COMPLETADA,OK
TX000675,AC00034,AC00447,63797,USD,2023-10-23T17:17:18-05:00,COMPLETADA,OK
TX000676,AC00286,AC00398,1352,USD,2023-05-15T16:51:00-05:00,COMPLETADA,OK
TX000677,AC00232,AC00463,43210,USD,2023-03-20T16:28:17-05:00,COMPLETADA,OK
TX000678,AC00182,AC00142,37517,USD,2023-06-08T17:20:53-05:00,COMPLETADA,OK
TX000679,AC00136,AC00075,64268,USD,2023-02-17T16:57:00-05:00,COMPLETADA,OK
TX000680,AC00101,AC00278,7844,USD,2023-11-21T17:25:30-05:00,COMPLETADA,OK
TX000681,AC00328,AC00090,13972,USD,2023-01-16T17:53:00-05:00,COMPLETADA,OK
TX000682,AC00356,AC00445,49999,USD,2023-08-02T16:01:17-05:00,COMPLETADA,OK
TX000684,AC00242,AC00405,12062,USD,2023-02-27T16:37:00-05:00,COMPLETADA,OK
TX000685,AC00123,AC00167,57849,USD,2023-10-16T17:46:00-05:00,COMPLETADA,OK
TX000688,AC00330,AC00059,4242,USD,2023-06-01T17:19:57-05:00,COMPLETADA,OK
TX000689,AC00218,AC00245,7703,USD,2023-06-19T00:00:00-05:00,COMPLETADA,OK
TX000690,AC00437,AC00186,2259,USD,2023-03-27T00:00:00-05:00,COMPLETADA,OK
TX000692,AC00418,AC00114,2594,USD,2023-10-16T18:53:31-05:00,COMPLETADA,OK
TX000693,AC00465,AC00023,10594,USD,2023-08-07T16:02:55-05:00,COMPLETADA,OK
TX000694,AC00011,AC00467,73329,USD,2023-03-15T18:42:00-05:00,RECHAZADA,Fondos insuficientes
TX000695,AC00432,AC00267,35015,USD,2023-11-27T16:18:25-05:00,RECHAZADA,Fondos insuficientes
TX000696,AC00240,AC00331,115118,USD,2023-08-25T17:26:27-05:00,COMPLETADA,OK
TX000697,AC00497,AC00032,18367,USD,2023-06-26T16:11:00-05:00,COMPLETADA,OK
TX000698,AC00026,AC00435,27827,USD,2023-04-10T00:00:00-05:00,RECHAZADA,Fondos insuficientes
TX000699,AC00277,AC00353,47030,USD,2023-09-12T18:46:45-05:00,COMPLETADA,OK
TX000700,AC00116,AC00366,26169,USD,2023-11-27T17:29:25-05:00,COMPLETADA,OK
TX000701,AC00367,AC00038,36504,USD,2023-03-06T16:29:57-05:00,COMPLETADA,OK
TX000702,AC00030,AC00166,21110,USD,2023-09-14T16:58:48-05:00,COMPLETADA,OK
TX000703,AC00111,AC00034,2149,USD,2023-05-04T16:51:00-05:00,COMPLETADA,OK
TX000704,AC00220,AC00321,6358,USD,2023-09-11T17:43:14-05:00,COMPLETADA,OK
TX000705,AC00295,AC00281,32186,USD,2023-07-24T00:00:00-05:00,COMPLETADA,OK
TX000706,AC00137,AC00197,1211,USD,2023-12-12T00:00:00-05:00,COMPLETADA,OK
TX000707,AC00004,AC00273,64254,USD,2023-05-10T18:49:20-05:00,COMPLETADA,OK
TX000708,AC00442,AC00259,21045,USD,2023-12-11T16:47:05-05:00,COMPLETADA,OK
TX000709,AC00201,AC00051,31365,USD,2023-01-30T00:00:00-05:00,COMPLETADA,OK
TX000710,AC00462,AC00059,9976,USD,2023-08-07T16:21:37-05:00,COMPLETADA,OK
TX000711,AC00390,AC00334,11532,USD,2023-07-25T17:24:00-05:00,COMPLETADA,OK
TX000712,AC00297,AC00283,3361,USD,2023-08-21T17:25:00-05:00,COMPLETADA,OK
TX000713,AC00173,AC00111,49859,USD,2023-01-30T16:20:26-05:00,COMPLETADA,OK
TX000714,AC00382,AC00456,9881,USD,2023-09-04T00:00:00-05:00,RECHAZADA,Fondos insuficientes
TX000715,AC00175,AC00174,187,USD,2023-10-20T18:34:41-05:00,COMPLETADA,OK
TX000716,AC00035,AC00206,7892,USD,2023-06-15T00:00:00-05:00,COMPLETADA,OK
TX000717,AC00219,AC00049,19429,USD,2023-01-23T16:05:42-05:00,COMPLETADA,OK
TX000718,AC00416,AC00161,2873,USD,2023-10-31T16:11:57-05:00,COMPLETADA,OK
TX000719,AC00467,AC00192,10553,USD,2023-06-16T16:36:20-05:00,COMPLETADA,OK
TX000720,AC00465,AC00352,73734,USD,2023-03-20T17:45:22-05:00,COMPLETADA,OK
TX000721,AC00102,AC00035,23786,USD,2023-02-06T17:48:00-05:00,COMPLETADA,OK
TX000722,AC00119,AC00044,40961,USD,2023-07-26T00:00:00-05:00,COMPLETADA,OK
TX000723,AC00418,AC00050,7553,USD,2023-08-21T17:36:05-05:00,COMPLETADA,OK
TX000725,AC00279,AC00286,3911,USD,2023-09-01T18:05:37-05:00,COMPLETADA,OK
TX000727,AC00043,AC00170,72938,USD,2023-11-14T17:23:43-05:00,COMPLETADA,OK
TX000728,AC00012,AC00212,13749,USD,2023-07-26T16:54:08-05:00,COMPLETADA,OK
TX000729,AC00244,AC00342,50471,USD,2023-04-10T18:27:51-05:00,COMPLETADA,OK
TX000730,AC00395,AC00217,37147,USD,2023-05-30T16:15:10-05:00,COMPLETADA,OK
TX000731,AC00253,AC00371,43035,USD,2023-02-20T17:23:00-05:00,RECHAZADA,Fondos insuficientes
TX000733,AC00457,AC00181,12171,USD,2023-09-05T00:00:00-05:00,COMPLETADA,OK
TX000734,AC00046,AC00261,9887,USD,2023-01-03T00:00:00-05:00,COMPLETADA,OK
TX000736,AC00045,AC00435,24464,USD,2023-02-21T18:41:39-05:00,RECHAZADA,Fondos insuficientes
TX000737,AC00181,AC00434,32193,USD,2023-12-04T18:27:11-05:00,COMPLETADA,OK
TX000738,AC00149,AC00059,109273,USD,2023-01-23T00:00:00-05:00,COMPLETADA,OK
TX000739,AC00288,AC00295,28323,USD,2023-02-06T00:00:00-05:00,COMPLETADA,OK
TX000740,AC00014,AC00221,34665,USD,2024-01-01T16:17:13-05:00,COMPLETADA,OK
TX000741,AC00153,AC00500,38162,USD,2023-01-27T16:40:00-05:00,COMPLETADA,OK
TX000742,AC00164,AC00320,38865,USD,2023-02-21T16:02:33-05:00,COMPLETADA,OK
TX000743,AC00159,AC00331,2922,USD,2023-07-06T18:16:05-05:00,COMPLETADA,OK
TX000744,AC00360,AC00312,4675,USD,2023-07-31T17:37:31-05:00,COMPLETADA,OK
TX000745,AC00326,AC00426,34864,USD,2023-06-09T17:12:09-05:00,RECHAZADA,Fondos insuficientes
TX000746,AC00110,AC00015,31917,USD,2023-01-11T16:58:02-05:00,COMPLETADA,OK
TX000747,AC00110,AC00361,7395,USD,2023-11-03T16:39:45-05:00,COMPLETADA,OK
TX000748,AC00257,AC00473,38963,USD,2023-02-16T16:20:06-05:00,COMPLETADA,OK
TX000750,AC00455,AC00074,19984,USD,2023-01-16T16:01:34-05:00,COMPLETADA,OK
TX000751,AC00282,AC00206,5635,USD,2023-02-09T00:00:00-05:00,COMPLETADA,OK
TX000753,AC00390,AC00016,14258,USD,2023-06-19T16:20:51-05:00,COMPLETADA,OK
TX000754,AC00032,AC00273,102073,USD,2023-07-24T16:42:00-05:00,COMPLETADA,OK
TX000755,AC00153,AC00216,8434,USD,2023-06-08T16:27:00-05:00,COMPLETADA,OK
TX000756,AC00460,AC00081,160755,USD,2023-09-07T16:27:03-05:00,COMPLETADA,OK
TX000757,AC00154,AC00371,33378,USD,2023-11-30T17:53:48-05:00,COMPLETADA,OK
TX000759,AC00156,AC00044,23681,USD,2023-10-26T16:59:55-05:00,COMPLETADA,OK
TX000760,AC00005,AC00081,41780,USD,2023-06-26T16:21:00-05:00,COMPLETADA,OK
TX000761,AC00126,AC00318,31927,USD,2023-08-07T16:54:58-05:00,COMPLETADA,OK
TX000763,AC00165,AC00340,82062,USD,2023-03-03T17:18:00-05:00,COMPLETADA,OK
TX000764,AC00420,AC00311,47477,USD,2023-12-25T16:28:20-05:00,COMPLETADA,OK
TX000765,AC00329,AC00140,54272,USD,2023-09-04T18:37:57-05:00,COMPLETADA,OK
TX000766,AC00037,AC00264,7980,USD,2023-12-22T00:00:00-05:00,COMPLETADA,OK
TX000767,AC00293,AC00221,4624,USD,2023-03-13T00:00:00-05:00,COMPLETADA,OK
TX000768,AC00481,AC00348,32780,USD,2023-11-23T17:44:29-05:00,COMPLETADA,OK
TX000769,AC00233,AC00251,44579,USD,2023-07-07T17:19:39-05:00,COMPLETADA,OK
TX000770,AC00235,AC00158,5589,USD,2023-08-17T16:54:30-05:00,RECHAZADA,Fondos insuficientes
TX000772,AC00029,AC00030,10119,USD,2023-11-29T18:38:41-05:00,RECHAZADA,Fondos insuficientes
TX000774,AC00141,AC00394,6197,USD,2023-05-22T18:45:00-05:00,RECHAZADA,Fondos insuficientes
TX000775,AC00061,AC00132,2721,USD,2023-06-14T16:34:54-05:00,COMPLETADA,OK
TX000776,AC00092,AC00062,17374,USD,2023-09-08T17:48:22-05:00,COMPLETADA,OK
TX000778,AC00358,AC00067,8840,USD,2023-11-10T18:02:00-05:00,COMPLETADA,OK
TX000779,AC00078,AC00362,56792,USD,2023-06-20T16:27:07-05:00,COMPLETADA,OK
TX000780,AC00013,AC00288,13811,USD,2023-12-11T00:00:00-05:00,COMPLETADA,OK
TX000781,AC00030,AC00414,45693,USD,2023-09-26T16:18:33-05:00,COMPLETADA,OK
TX000782,AC00074,AC00205,10142,USD,2023-04-25T17:00:15-05:00,COMPLETADA,OK
TX000783,AC00399,AC00022,30061,USD,2023-05-01T17:21:46-05:00,RECHAZADA,Fondos insuficientes
TX000784,AC00323,AC00236,26594,USD,2023-06-05T00:00:00-05:00,COMPLETADA,OK
TX000785,AC00107,AC00443,34554,USD,2023-01-24T16:05:00-05:00,COMPLETADA,OK
TX000787,AC00297,AC00365,11121,USD,2023-08-21T00:00:00-05:00,COMPLETADA,OK
TX000788,AC00102,AC00150,31637,USD,2023-08-28T17:34:17-05:00,RECHAZADA,Fondos insuficientes
TX000789,AC00196,AC00011,26063,USD,2023-12-20T18:58:27-05:00,COMPLETADA,OK
TX000790,AC00342,AC00088,9236,USD,2023-03-27T16:48:34-05:00,COMPLETADA,OK
TX000791,AC00027,AC00318,26206,USD,2023-09-11T00:00:00-05:00,COMPLETADA,OK
TX000792,AC00339,AC00355,6450,USD,2023-08-17T00:00:00-05:00,COMPLETADA,OK
TX000794,AC00262,AC00055,40828,USD,2023-03-15T16:33:09-05:00,COMPLETADA,OK
TX000795,AC00425,AC00302,17594,USD,2023-06-05T16:16:13-05:00,COMPLETADA,OK
TX000796,AC00161,AC00041,19947,USD,2023-08-14T16:26:38-05:00,RECHAZADA,Fondos insuficientes
TX000797,AC00417,AC00159,5107,USD,2023-01-23T00:00:00-05:00,COMPLETADA,OK
TX000798,AC00208,AC00114,43586,USD,2023-12-29T17:17:48-05:00,COMPLETADA,OK
TX000799,AC00304,AC00087,7473,USD,2023-01-30T00:00:00-05:00,RECHAZADA,Fondos insuficientes
TX000800,AC00166,AC00326,18279,USD,2023-10-25T00:00:00-05:00,COMPLETADA,OK
TX000801,AC00279,AC00262,62836,USD,2023-01-20T16:09:00-05:00,COMPLETADA,OK
TX000802,AC00114,AC00399,26839,USD,2023-02-21T00:00:00-05:00,COMPLETADA,OK
TX000803,AC00411,AC00373,36227,USD,2023-05-11T16:36:00-05:00,COMPLETADA,OK
TX000804,AC00380,AC00331,56015,USD,2023-08-14T18:01:36-05:00,COMPLETADA,OK
TX000805,AC00272,AC00121,35199,USD,2023-06-12T16:58:04-05:00,COMPLETADA,OK
TX000807,AC00053,AC00310,2477,USD,2023-11-01T00:00:00-05:00,COMPLETADA,OK
TX000808,AC00316,AC00390,66867,USD,2023-11-07T17:38:05-05:00,COMPLETADA,OK
TX000809,AC00422,AC00091,8024,USD,2023-05-19T17:28:42-05:00,COMPLETADA,OK
TX000810,AC00083,AC00323,865,USD,2023-11-20T00:00:00-05:00,COMPLETADA,OK
TX000811,AC00125,AC00388,17891,USD,2023-03-15T16:37:04-05:00,COMPLETADA,OK
TX000812,AC00227,AC00298,11522,USD,2023-12-08T17:05:33-05:00,COMPLETADA,OK
TX000813,AC00292,AC00475,16163,USD,2023-12-25T16:32:44-05:00,COMPLETADA,OK
TX000814,AC00319,AC00331,54275,USD,2023-12-07T18:28:00-05:00,COMPLETADA,OK
TX000815,AC00431,AC00320,31747,USD,2023-05-01T17:31:34-05:00,COMPLETADA,OK
TX000816,AC00365,AC00499,28099,USD,2023-02-20T00:00:00-05:00,COMPLETADA,OK
TX000817,AC00050,AC00079,2419,USD,2023-02-08T17:33:00-05:00,COMPLETADA,OK
TX000818,AC00129,AC00242,58685,USD,2023-08-15T00:00:00-05:00,COMPLETADA,OK
TX000819,AC00366,AC00156,37241,USD,2023-06-19T18:12:16-05:00,COMPLETADA,OK
TX000820,AC00452,AC00303,6317,USD,2023-07-25T18:28:57-05:00,RECHAZADA,Fondos insuficientes
TX000822,AC00389,AC00237,24717,USD,2023-05-22T17:58:55-05:00,COMPLETADA,OK
TX000823,AC00188,AC00030,4878,USD,2023-08-11T00:00:00-05:00,COMPLETADA,OK
TX000824,AC00039,AC00148,415,USD,2023-10-19T16:34:39-05:00,COMPLETADA,OK
TX000825,AC00319,AC00444,6099,USD,2023-08-01T17:14:17-05:00,COMPLETADA,OK
TX000826,AC00077,AC00047,40819,USD,2023-12-15T16:48:08-05:00,COMPLETADA,OK
TX000827,AC00131,AC00261,52460,USD,2023-04-07T17:37:00-05:00,COMPLETADA,OK
TX000828,AC00180,AC00299,10896,USD,2023-10-10T18:12:00-05:00,COMPLETADA,OK
TX000829,AC00249,AC00407,7003,USD,2023-12-18T00:00:00-05:00,RECHAZADA,Fondos insuficientes
TX000830,AC00454,AC00022,12484,USD,2023-09-22T17:44:00-05:00,COMPLETADA,OK
TX000831,AC00076,AC00416,32404,USD,2023-07-05T16:49:00-05:00,COMPLETADA,OK
TX000832,AC00386,AC00097,3969,USD,2023-04-24T17:16:27-05:00,COMPLETADA,OK
TX000833,AC00444,AC00244,15770,USD,2023-12-01T17:29:00-05:00,COMPLETADA,OK
TX000834,AC00307,AC00492,8127,USD,2023-11-07T16:36:34-05:00,RECHAZADA,Fondos insuficientes
TX000836,AC00078,AC00430,1673,USD,2023-11-30T17:48:36-05:00,COMPLETADA,OK
TX000837,AC00348,AC00367,47405,USD,2023-08-10T00:00:00-05:00,COMPLETADA,OK
TX000838,AC00169,AC00332,3921,USD,2023-05-10T16:15:31-05:00,COMPLETADA,OK
TX000839,AC00007,AC00128,63775,USD,2023-07-24T16:07:05-05:00,COMPLETADA,OK
TX000840,AC00009,AC00226,15359,USD,2023-05-04T17:43:59-05:00,COMPLETADA,OK
TX000841,AC00065,AC00314,18660,USD,2023-10-25T16:03:16-05:00,COMPLETADA,OK
TX000842,AC00362,AC00191,64408,USD,2023-05-08T17:29:00-05:00,COMPLETADA,OK
TX000843,AC00444,AC00199,22666,USD,2023-12-27T18:55:00-05:00,COMPLETADA,OK
TX000844,AC00106,AC00175,30500,USD,2023-10-12T17:20:30-05:00,COMPLETADA,OK
TX000845,AC00241,AC00027,23310,USD,2023-01-16T17:28:48-05:00,COMPLETADA,OK
TX000846,AC00092,AC00333,79313,USD,2023-05-10T00:00:00-05:00,COMPLETADA,OK
TX000847,AC00173,AC00169,22419,USD,2023-09-21T16:42:38-05:00,RECHAZADA,Fondos insuficientes
TX000848,AC00363,AC00348,21483,USD,2023-03-20T18:12:30-05:00,COMPLETADA,OK
TX000850,AC00370,AC00337,19499,USD,2023-12-01T17:01:00-05:00,COMPLETADA,OK
TX000851,AC00124,AC00310,2340,USD,2023-02-08T00:00:00-05:00,COMPLETADA,OK
TX000852,AC00412,AC00171,22750,USD,2023-03-13T16:59:33-05:00,RECHAZADA,Fondos insuficientes
TX000853,AC00068,AC00341,25990,USD,2023-06-22T16:08:43-05:00,COMPLETADA,OK
TX000854,AC00321,AC00180,5951,USD,2023-04-04T00:00:00-05:00,COMPLETADA,OK
TX000855,AC00302,AC00337,5063,USD,2023-05-24T16:21:00-05:00,RECHAZADA,Fondos insuficientes
TX000856,AC00217,AC00201,107495,USD,2023-06-02T16:49:00-05:00,COMPLETADA,OK
TX000857,AC00298,AC00364,11294,USD,2023-11-24T17:35:47-05:00,COMPLETADA,OK
TX000858,AC00327,AC00159,1181,USD,2023-02-27T16:07:38-05:00,COMPLETADA,OK
TX000859,AC00054,AC00331,32914,USD,2023-11-14T16:37:42-05:00,COMPLETADA,OK
TX000860,AC00403,AC00418,15424,USD,2023-11-06T16:19:31-05:00,COMPLETADA,OK
TX000861,AC00397,AC00360,23344,USD,2023-01-20T00:00:00-05:00,COMPLETADA,OK
TX000862,AC00383,AC00379,14180,USD,2023-11-15T18:56:00-05:00,COMPLETADA,OK
TX000863,AC00450,AC00469,20903,USD,2023-10-09T00:00:00-05:00,COMPLETADA,OK
TX000864,AC00086,AC00332,113763,USD,2023-02-14T16:55:26-05:00,COMPLETADA,OK
TX000865,AC00156,AC00262,26114,USD,2023-05-15T18:44:00-05:00,COMPLETADA,OK
TX000866,AC00418,AC00186,10181,USD,2023-06-29T17:51:45-05:00,COMPLETADA,OK
TX000867,AC00263,AC00488,9871,USD,2023-09-18T17:41:29-05:00,RECHAZADA,Fondos insuficientes
TX000868,AC00009,AC00487,8738,USD,2023-03-03T00:00:00-05:00,COMPLETADA,OK
TX000869,AC00436,AC00099,8339,USD,2023-09-18T00:00:00-05:00,COMPLETADA,OK
TX000870,AC00399,AC00071,26755,USD,2023-06-13T16:06:05-05:00,COMPLETADA,OK
TX000871,AC00182,AC00152,87005,USD,2023-08-31T16:42:00-05:00,COMPLETADA,OK
TX000872,AC00482,AC00052,15432,USD,2024-01-01T16:53:00-05:00,RECHAZADA,Fondos insuficientes
TX000873,AC00475,AC00277,16451,USD,2023-06-05T18:09:44-05:00,RECHAZADA,Fondos insuficientes
TX000874,AC00253,AC00454,75812,USD,2023-07-03T18:46:29-05:00,COMPLETADA,OK
TX000875,AC00376,AC00339,10376,USD,2023-03-29T16:20:33-05:00,COMPLETADA,OK
TX000876,AC00058,AC00394,58392,USD,2023-08-01T16:11:52-05:00,COMPLETADA,OK
TX000877,AC00304,AC00307,20406,USD,2023-01-02T16:07:17-05:00,COMPLETADA,OK
TX000878,AC00035,AC00085,5351,USD,2023-10-26T16:54:00-05:00,COMPLETADA,OK
TX000879,AC00366,AC00355,110846,USD,2023-08-31T16:16:00-05:00,COMPLETADA,OK
TX000881,AC00094,AC00371,12017,USD,2023-08-08T17:07:42-05:00,COMPLETADA,OK
TX000882,AC00225,AC00211,22080,USD,2023-09-06T18:43:52-05:00,COMPLETADA,OK
TX000883,AC00474,AC00369,11901,USD,2023-03-13T17:26:00-05:00,COMPLETADA,OK
TX000884,AC00448,AC00228,18332,USD,2023-05-10T16:27:51-05:00,COMPLETADA,OK
TX000885,AC00439,AC00386,85888,USD,2023-08-22T16:31:34-05:00,COMPLETADA,OK
TX000886,AC00133,AC00231,1146,USD,2023-02-13T16:53:17-05:00,COMPLETADA,OK
TX000887,AC00480,AC00123,6137,USD,2023-02-06T00:00:00-05:00,COMPLETADA,OK
TX000888,AC00265,AC00416,10308,USD,2023-02-27T16:48:02-05:00,COMPLETADA,OK
TX000889,AC00176,AC00464,121,USD,2023-08-21T17:19:06-05:00,COMPLETADA,OK
TX000891,AC00216,AC00294,6096,USD,2023-10-23T16:35:48-05:00,COMPLETADA,OK
TX000892,AC00431,AC00237,6421,USD,2023-01-09T16:36:00-05:00,COMPLETADA,OK
TX000893,AC00063,AC00400,52302,USD,2023-05-19T18:32:00-05:00,COMPLETADA,OK
TX000894,AC00090,AC00272,5026,USD,2023-11-09T17:51:35-05:00,COMPLETADA,OK
TX000895,AC00133,AC00083,11008,USD,2023-11-20T17:15:13-05:00,COMPLETADA,OK
TX000896,AC00357,AC00412,5447,USD,2023-11-13T17:47:00-05:00,RECHAZADA,Fondos insuficientes
TX000897,AC00404,AC00448,7976,USD,2023-04-03T16:25:35-05:00,COMPLETADA,OK
TX000898,AC00390,AC00329,1679,USD,2023-11-06T16:42:34-05:00,COMPLETADA,OK
TX000899,AC00083,AC00192,153131,USD,2023-10-23T18:00:29-05:00,COMPLETADA,OK
TX000900,AC00161,AC00053,6862,USD,2023-06-29T00:00:00-05:00,COMPLETADA,OK
TX000901,AC00425,AC00265,15716,USD,2023-03-13T17:34:30-05:00,COMPLETADA,OK
TX000903,AC00385,AC00083,32834,USD,2023-10-12T16:17:47-05:00,RECHAZADA,Fondos insuficientes
TX000905,AC00480,AC00426,35476,USD,2023-05-17T16:30:00-05:00,COMPLETADA,OK
TX000906,AC00369,AC00486,79388,USD,2023-02-22T00:00:00-05:00,COMPLETADA,OK
TX000907,AC00109,AC00420,2922,USD,2023-02-27T18:33:48-05:00,COMPLETADA,OK
TX000908,AC00264,AC00179,65397,USD,2023-10-04T17:41:08-05:00,COMPLETADA,OK
TX000909,AC00076,AC00214,36643,USD,2023-01-30T00:00:00-05:00,COMPLETADA,OK
TX000911,AC00453,AC00198,23374,USD,2023-02-13T16:43:40-05:00,COMPLETADA,OK
TX000913,AC00179,AC00164,21340,USD,2023-08-14T16:40:38-05:00,COMPLETADA,OK
TX000914,AC00386,AC00431,25421,USD,2023-05-22T16:48:00-05:00,RECHAZADA,Fondos insuficientes
TX000915,AC00171,AC00173,57773,USD,2023-11-10T16:26:28-05:00,COMPLETADA,OK
TX000916,AC00336,AC00071,17026,USD,2023-09-25T16:58:00-05:00,COMPLETADA,OK
TX000918,AC00402,AC00357,33061,USD,2023-07-06T16:04:39-05:00,COMPLETADA,OK
TX000919,AC00136,AC00390,13233,USD,2023-11-10T16:32:24-05:00,COMPLETADA,OK
TX000920,AC00280,AC00230,67274,USD,2023-08-10T16:39:00-05:00,COMPLETADA,OK
TX000921,AC00352,AC00465,7404,USD,2023-02-23T18:23:00-05:00,COMPLETADA,OK
TX000922,AC00495,AC00132,19718,USD,2023-05-09T16:47:00-05:00,COMPLETADA,OK
TX000923,AC00061,AC00078,2115,USD,2023-11-20T16:06:10-05:00,COMPLETADA,OK
TX000924,AC00129,AC00374,21837,USD,2023-06-05T16:27:00-05:00,COMPLETADA,OK
TX000925,AC00237,AC00217,59001,USD,2023-02-06T16:42:16-05:00,COMPLETADA,OK
TX000926,AC00230,AC00148,69782,USD,2023-11-27T16:10:37-05:00,RECHAZADA,Fondos insuficientes
TX000927,AC00224,AC00063,30276,USD,2023-11-16T17:14:01-05:00,COMPLETADA,OK
TX000929,AC00479,AC00319,2226,USD,2023-01-30T18:50:00-05:00,COMPLETADA,OK
TX000930,AC00329,AC00057,86,USD,2023-02-13T00:00:00-05:00,COMPLETADA,OK
TX000931,AC00160,AC00257,75710,USD,2023-01-23T17:22:25-05:00,COMPLETADA,OK
TX000932,AC00050,AC00009,3881,USD,2023-04-28T18:52:30-05:00,COMPLETADA,OK
TX000933,AC00200,AC00296,7651,USD,2023-04-03T00:00:00-05:00,COMPLETADA,OK
TX000934,AC00254,AC00074,3246,USD,2023-03-10T00:00:00-05:00,COMPLETADA,OK
TX000935,AC00456,AC00001,102275,USD,2023-01-19T16:45:16-05:00,COMPLETADA,OK
TX000936,AC00320,AC00124,2064,USD,2023-04-20T16:01:05-05:00,COMPLETADA,OK
TX000937,AC00446,AC00096,66211,USD,2023-02-02T00:00:00-05:00,COMPLETADA,OK
TX000938,AC00292,AC00044,28877,USD,2023-11-13T00:00:00-05:00,COMPLETADA,OK
TX000939,AC00111,AC00186,3505,USD,2023-09-27T18:52:36-05:00,RECHAZADA,Fondos insuficientes
TX000941,AC00429,AC00403,2538,USD,2023-10-23T00:00:00-05:00,COMPLETADA,OK
TX000942,AC00182,AC00285,61766,USD,2023-01-30T16:34:16-05:00,COMPLETADA,OK
TX000944,AC00005,AC00327,37792,USD,2023-02-22T17:29:00-05:00,COMPLETADA,OK
TX000945,AC00459,AC00192,1104,USD,2023-02-13T18:17:00-05:00,COMPLETADA,OK
TX000946,AC00432,AC00009,27546,USD,2023-07-24T17:09:05-05:00,COMPLETADA,OK
TX000947,AC00317,AC00035,17976,USD,2023-07-12T00:00:00-05:00,COMPLETADA,OK
TX000948,AC00377,AC00376,3234,USD,2023-06-21T16:52:25-05:00,COMPLETADA,OK
TX000949,AC00130,AC00054,27392,USD,2023-07-04T17:50:02-05:00,COMPLETADA,OK
TX000950,AC00236,AC00378,37545,USD,2023-12-05T17:57:00-05:00,COMPLETADA,OK
TX000951,AC00243,AC00069,38898,USD,2023-08-21T17:10:00-05:00,COMPLETADA,OK
TX000953,AC00295,AC00331,14885,USD,2023-11-29T16:46:49-05:00,COMPLETADA,OK
TX000955,AC00395,AC00357,39166,USD,2023-07-10T17:29:39-05:00,RECHAZADA,Fondos insuficientes
TX000956,AC00225,AC00094,18599,USD,2023-04-24T16:49:48-05:00,COMPLETADA,OK
TX000957,AC00355,AC00033,32248,USD,2023-03-13T16:10:41-05:00,COMPLETADA,OK
TX000958,AC00217,AC00485,2027,USD,2023-12-04T16:27:40-05:00,COMPLETADA,OK
TX000959,AC00282,AC00151,28061,USD,2023-11-27T00:00:00-05:00,COMPLETADA,OK
TX000960,AC00477,AC00406,19902,USD,2023-05-29T16:31:00-05:00,COMPLETADA,OK
TX000962,AC00174,AC00159,35359,USD,2023-08-11T17:57:00-05:00,COMPLETADA,OK
TX000963,AC00124,AC00419,5586,USD,2023-01-23T00:00:00-05:00,COMPLETADA,OK
TX000964,AC00247,AC00130,1077,USD,2023-03-08T16:58:31-05:00,COMPLETADA,OK
TX000966,AC00114,AC00184,47707,USD,2023-11-27T16:30:37-05:00,RECHAZADA,Fondos insuficientes
TX000967,AC00170,AC00025,910,USD,2023-03-02T16:09:00-05:00,COMPLETADA,OK
TX000969,AC00487,AC00410,27828,USD,2023-10-02T16:20:00-05:00,COMPLETADA,OK
TX000970,AC00280,AC00457,38810,USD,2023-08-21T18:06:59-05:00,COMPLETADA,OK
TX000971,AC00017,AC00227,21539,USD,2023-06-21T16:23:53-05:00,COMPLETADA,OK
TX000972,AC00496,AC00198,19437,USD,2023-04-26T17:55:00-05:00,COMPLETADA,OK
TX000973,AC00304,AC00096,3770,USD,2023-06-29T16:04:17-05:00,RECHAZADA,Fondos insuficientes
TX000974,AC00475,AC00255,1959,USD,2023-06-16T18:47:00-05:00,COMPLETADA,OK
TX000975,AC00111,AC00410,8135,USD,2023-01-23T17:39:08-05:00,COMPLETADA,OK
TX000976,AC00316,AC00412,31454,USD,2023-09-29T16:34:03-05:00,COMPLETADA,OK
TX000977,AC00007,AC00219,46664,USD,2023-09-04T16:57:31-05:00,RECHAZADA,Fondos insuficientes
TX000978,AC00033,AC00310,39701,USD,2023-08-07T17:45:00-05:00,COMPLETADA,OK
TX000979,AC00453,AC00093,47248,USD,2023-02-27T17:06:36-05:00,COMPLETADA,OK
TX000980,AC00147,AC00166,6715,USD,2023-11-20T17:17:05-05:00,COMPLETADA,OK
TX000981,AC00401,AC00168,10267,USD,2023-05-10T00:00:00-05:00,RECHAZADA,Fondos insuficientes
TX000982,AC00336,AC00157,46009,USD,2023-03-06T00:00:00-05:00,COMPLETADA,OK
TX000983,AC00281,AC00369,45349,USD,2023-01-02T16:06:29-05:00,RECHAZADA,Fondos insuficientes
TX000984,AC00082,AC00355,26717,USD,2023-08-24T16:56:36-05:00,COMPLETADA,OK
TX000985,AC00247,AC00229,11126,USD,2023-08-18T17:07:18-05:00,COMPLETADA,OK
TX000987,AC00176,AC00316,21328,USD,2023-12-25T18:29:05-05:00,COMPLETADA,OK
TX000988,AC00159,AC00141,18788,USD,2023-08-10T16:39:44-05:00,COMPLETADA,OK
TX000989,AC00035,AC00407,47188,USD,2023-10-30T18:44:22-05:00,COMPLETADA,OK
TX000990,AC00463,AC00039,8379,USD,2023-10-12T16:37:49-05:00,COMPLETADA,OK
TX000991,AC00339,AC00208,21214,USD,2023-08-14T17:28:37-05:00,COMPLETADA,OK
TX000992,AC00239,AC00412,9916,USD,2023-02-28T17:55:00-05:00,COMPLETADA,OK
TX000993,AC00090,AC00082,83933,USD,2023-05-02T16:03:00-05:00,COMPLETADA,OK
TX000994,AC00144,AC00074,2991,USD,2023-07-31T16:26:33-05:00,COMPLETADA,OK
TX000995,AC00488,AC00348,424,USD,2023-04-17T00:00:00-05:00,COMPLETADA,OK
TX000996,AC00039,AC00018,5029,USD,2023-09-18T00:00:00-05:00,COMPLETADA,OK
TX000997,AC00475,AC00121,13585,USD,2023-08-03T17:25:57-05:00,COMPLETADA,OK
TX000998,AC00368,AC00188,36853,USD,2023-04-03T16:09:09-05:00,COMPLETADA,OK
TX000999,AC00339,AC00488,1795,USD,2023-06-05T17:22:19-05:00,COMPLETADA,OK
TX001000,AC00297,AC00311,12780,USD,2023-03-02T16:05:52-05:00,COMPLETADA,OK
TX001001,AC00345,AC00231,1673,USD,2023-02-22T00:00:00-05:00,COMPLETADA,OK
TX001002,AC00458,AC00191,31712,USD,2023-12-11T16:03:50-05:00,RECHAZADA,Fondos insuficientes
TX001003,AC00062,AC00040,47663,USD,2023-07-25T17:17:00-05:00,COMPLETADA,OK
TX001004,AC00070,AC00273,15658,USD,2023-09-18T00:00:00-05:00,COMPLETADA,OK
TX001005,AC00183,AC00161,5512,USD,2023-09-18T00:00:00-05:00,COMPLETADA,OK
TX001006,AC00190,AC00128,1574,USD,2023-01-09T00:00:00-05:00,COMPLETADA,OK
TX001007,AC00255,AC00014,35368,USD,2023-11-06T16:32:58-05:00,COMPLETADA,OK
TX001008,AC00311,AC00256,29715,USD,2023-10-12T00:00:00-05:00,COMPLETADA,OK
TX001009,AC00075,AC00469,64785,USD,2023-12-04T16:31:42-05:00,COMPLETADA,OK
TX001010,AC00013,AC00136,7504,USD,2023-07-27T00:00:00-05:00,COMPLETADA,OK
TX001011,AC00247,AC00362,27392,USD,2023-05-08T17:54:00-05:00,COMPLETADA,OK
TX001012,AC00329,AC00314,21580,USD,2023-05-18T16:03:58-05:00,COMPLETADA,OK
TX001013,AC00257,AC00471,96377,USD,2023-07-11T00:00:00-05:00,COMPLETADA,OK
TX001014,AC00414,AC00103,42060,USD,2023-04-17T00:00:00-05:00,RECHAZADA,Fondos insuficientes
TX001015,AC00011,AC00438,68836,USD,2023-06-30T16:31:49-05:00,COMPLETADA,OK
TX001016,AC00416,AC00089,28518,USD,2023-03-08T16:39:14-05:00,RECHAZADA,Fondos insuficientes
TX001017,AC00174,AC00229,21355,USD,2023-03-30T00:00:00-05:00,COMPLETADA,OK
TX001018,AC00218,AC00416,46311,USD,2023-09-26T16:50:05-05:00,COMPLETADA,OK
TX001019,AC00323,AC00434,15003,USD,2023-07-10T16:17:00-05:00,COMPLETADA,OK
TX001021,AC00337,AC00034,30956,USD,2023-06-05T00:00:00-05:00,COMPLETADA,OK
TX001022,AC00083,AC00150,37708,USD,2023-02-15T17:33:23-05:00,COMPLETADA,OK
TX001023,AC00246,AC00437,7725,USD,2023-12-22T17:49:57-05:00,COMPLETADA,OK
TX001024,AC00194,AC00365,14692,USD,2023-09-08T16:28:00-05:00,COMPLETADA,OK
TX001025,AC00361,AC00327,12660,USD,2023-05-26T16:00:45-05:00,COMPLETADA,OK
TX001028,AC00394,AC00407,45115,USD,2023-02-27T16:47:50-05:00,COMPLETADA,OK
TX001029,AC00002,AC00406,51647,USD,2023-12-21T17:00:50-05:00,COMPLETADA,OK
TX001030,AC00337,AC00185,88004,USD,2023-10-30T18:58:42-05:00,COMPLETADA,OK
TX001031,AC00184,AC00190,35369,USD,2023-08-22T16:49:26-05:00,COMPLETADA,OK
TX001032,AC00258,AC00284,6669,USD,2023-11-01T00:00:00-05:00,COMPLETADA,OK
TX001033,AC00164,AC00454,9575,USD,2023-07-12T16:54:00-05:00,COMPLETADA,OK
TX001034,AC00032,AC00160,4391,USD,2023-08-17T18:31:00-05:00,COMPLETADA,OK
TX001036,AC00485,AC00270,61766,USD,2023-02-16T00:00:00-05:00,RECHAZADA,Fondos insuficientes
TX001037,AC00067,AC00211,88857,USD,2023-06-13T16:24:43-05:00,COMPLETADA,OK
TX001038,AC00005,AC00039,10748,USD,2023-12-04T18:01:53-05:00,COMPLETADA,OK
TX001039,AC00291,AC00163,3657,USD,2023-08-07T16:49:00-05:00,COMPLETADA,OK
TX001040,AC00284,AC00231,57562,USD,2023-06-12T18:30:51-05:00,COMPLETADA,OK
TX001041,AC00024,AC00266,8489,USD,2023-05-22T17:27:00-05:00,COMPLETADA,OK
TX001042,AC00310,AC00451,83230,USD,2023-07-12T16:55:00-05:00,COMPLETADA,OK
TX001043,AC00246,AC00284,18065,USD,2023-12-04T17:54:00-05:00,COMPLETADA,OK
TX001044,AC00463,AC00094,776,USD,2023-03-27T17:16:00-05:00,COMPLETADA,OK
TX001045,AC00318,AC00067,10930,USD,2023-08-02T16:52:15-05:00,COMPLETADA,OK
TX001046,AC00474,AC00467,23008,USD,2023-05-01T00:00:00-05:00,COMPLETADA,OK
TX001047,AC00192,AC00427,36192,USD,2023-02-20T16:08:00-05:00,COMPLETADA,OK
TX001048,AC00100,AC00079,7129,USD,2023-02-02T17:02:05-05:00,COMPLETADA,OK
TX001049,AC00407,AC00083,12245,USD,2023-01-16T00:00:00-05:00,COMPLETADA,OK
TX001050,AC00276,AC00365,64253,USD,2023-08-14T16:36:43-05:00,RECHAZADA,Fondos insuficientes
TX001051,AC00420,AC00487,6286,USD,2023-05-08T00:00:00-05:00,COMPLETADA,OK
TX001052,AC00228,AC00460,17521,USD,2023-12-21T18:44:00-05:00,COMPLETADA,OK
TX001054,AC00052,AC00327,1146,USD,2023-10-09T00:00:00-05:00,COMPLETADA,OK
TX001055,AC00151,AC00141,38207,USD,2023-06-05T17:48:07-05:00,COMPLETADA,OK
TX001056,AC00317,AC00156,1348,USD,2023-09-20T17:49:53-05:00,COMPLETADA,OK
TX001057,AC00348,AC00048,6532,USD,2023-11-02T00:00:00-05:00,COMPLETADA,OK
TX001058,AC00191,AC00087,8307,USD,2023-01-06T16:13:53-05:00,COMPLETADA,OK
TX001059,AC00120,AC00299,73010,USD,2023-07-25T00:00:00-05:00,COMPLETADA,OK
TX001060,AC00487,AC00338,8531,USD,2023-12-11T16:06:04-05:00,COMPLETADA,OK
TX001061,AC00173,AC00463,72661,USD,2023-11-03T16:31:00-05:00,COMPLETADA,OK
TX001062,AC00089,AC00433,13040,USD,2023-04-03T00:00:00-05:00,COMPLETADA,OK
TX001063,AC00456,AC00022,6810,USD,2023-01-02T16:00:00-05:00,COMPLETADA,OK
TX001064,AC00025,AC00015,6526,USD,2023-12-08T17:05:00-05:00,COMPLETADA,OK
TX001065,AC00158,AC00487,19162,USD,2023-07-28T17:19:48-05:00,COMPLETADA,OK
TX001066,AC00041,AC00297,21288,USD,2023-05-19T18:44:23-05:00,COMPLETADA,OK
TX001067,AC00458,AC00108,8838,USD,2023-01-17T16:10:33-05:00,COMPLETADA,OK
TX001068,AC00248,AC00214,4877,USD,2023-06-15T17:49:07-05:00,COMPLETADA,OK
TX001069,AC00356,AC00016,28910,USD,2023-07-11T16:08:00-05:00,COMPLETADA,OK
TX001070,AC00065,AC00323,39009,USD,2023-10-09T16:52:40-05:00,COMPLETADA,OK
TX001071,AC00249,AC00330,4829,USD,2023-09-25T17:58:54-05:00,RECHAZADA,Fondos insuficientes
TX001072,AC00497,AC00248,33383,USD,2023-07-31T17:46:00-05:00,COMPLETADA,OK
TX001073,AC00045,AC00415,107429,USD,2023-01-05T16:43:14-05:00,COMPLETADA,OK
TX001074,AC00442,AC00153,10027,USD,2023-07-10T17:25:41-05:00,COMPLETADA,OK
TX001075,AC00248,AC00354,4454,USD,2023-10-16T16:23:00-05:00,RECHAZADA,Fondos insuficientes
TX001077,AC00345,AC00238,8217,USD,2023-12-18T18:25:05-05:00,COMPLETADA,OK
TX001078,AC00331,AC00311,104545,USD,2023-10-30T16:45:47-05:00,RECHAZADA,Fondos insuficientes
TX001079,AC00332,AC00443,44742,USD,2023-12-18T16:32:56-05:00,COMPLETADA,OK
TX001080,AC00448,AC00376,59026,USD,2023-06-19T16:20:40-05:00,RECHAZADA,Fondos insuficientes
TX001081,AC00102,AC00178,19273,USD,2023-10-16T16:51:25-05:00,COMPLETADA,OK
TX001082,AC00200,AC00067,14601,USD,2023-04-25T16:28:00-05:00,COMPLETADA,OK
TX001083,AC00200,AC00265,13605,USD,2023-01-23T16:19:00-05:00,RECHAZADA,Fondos insuficientes
TX001084,AC00086,AC00165,1157,USD,2023-12-20T16:17:16-05:00,COMPLETADA,OK
TX001085,AC00139,AC00063,10234,USD,2023-05-18T16:19:00-05:00,COMPLETADA,OK
TX001086,AC00154,AC00127,782,USD,2023-01-09T17:56:30-05:00,COMPLETADA,OK
TX001087,AC00403,AC00026,7943,USD,2023-07-24T17:30:24-05:00,COMPLETADA,OK
TX001088,AC00330,AC00197,38697,USD,2023-01-31T00:00:00-05:00,RECHAZADA,Fondos insuficientes
TX001089,AC00362,AC00215,5122,USD,2023-06-29T16:11:08-05:00,COMPLETADA,OK
TX001090,AC00423,AC00445,25605,USD,2023-06-07T16:26:52-05:00,COMPLETADA,OK
TX001091,AC00286,AC00418,779,USD,2023-06-16T17:33:15-05:00,COMPLETADA,OK
TX001092,AC00332,AC00296,23371,USD,2023-10-03T17:06:00-05:00,COMPLETADA,OK
TX001093,AC00080,AC00099,17637,USD,2023-01-16T16:38:00-05:00,RECHAZADA,Fondos insuficientes
TX001094,AC00150,AC00257,12263,USD,2023-04-20T00:00:00-05:00,RECHAZADA,Fondos insuficientes
TX001095,AC00441,AC00240,8641,USD,2023-03-27T17:54:30-05:00,COMPLETADA,OK
TX001096,AC00196,AC00158,2157,USD,2023-10-26T16:11:13-05:00,COMPLETADA,OK
TX001097,AC00444,AC00047,8267,USD,2023-08-25T16:40:17-05:00,COMPLETADA,OK
TX001098,AC00295,AC00259,45135,USD,2023-09-05T18:45:00-05:00,COMPLETADA,OK
TX001099,AC00157,AC00124,29942,USD,2023-12-04T17:25:00-05:00,RECHAZADA,Fondos insuficientes
TX001100,AC00456,AC00181,54347,USD,2023-08-14T17:18:07-05:00,COMPLETADA,OK
TX001102,AC00462,AC00452,4748,USD,2023-02-20T16:47:23-05:00,COMPLETADA,OK
TX001103,AC00310,AC00346,6492,USD,2023-05-19T00:00:00-05:00,COMPLETADA,OK
TX001104,AC00189,AC00276,35072,USD,2023-08-02T00:00:00-05:00,COMPLETADA,OK
TX001106,AC00057,AC00453,2254,USD,2023-08-29T16:19:00-05:00,COMPLETADA,OK
TX001107,AC00360,AC00188,76714,USD,2023-08-29T16:24:23-05:00,RECHAZADA,Fondos insuficientes
TX001108,AC00209,AC00188,16747,USD,2023-12-01T17:45:19-05:00,COMPLETADA,OK
TX001110,AC00061,AC00101,39108,USD,2023-04-28T17:12:06-05:00,COMPLETADA,OK
TX001111,AC00345,AC00148,39077,USD,2023-10-30T16:02:32-05:00,COMPLETADA,OK
TX001112,AC00254,AC00260,50816,USD,2023-03-28T00:00:00-05:00,COMPLETADA,OK
TX001113,AC00271,AC00283,3676,USD,2023-04-10T16:51:43-05:00,COMPLETADA,OK
TX001114,AC00451,AC00320,33233,USD,2023-06-20T17:05:00-05:00,COMPLETADA,OK
TX001115,AC00061,AC00062,36209,USD,2023-02-27T00:00:00-05:00,COMPLETADA,OK
TX001116,AC00245,AC00050,4258,USD,2023-02-06T16:32:53-05:00,COMPLETADA,OK
TX001117,AC00105,AC00408,12235,USD,2023-04-12T17:50:15-05:00,COMPLETADA,OK
TX001118,AC00122,AC00287,24866,USD,2023-02-03T17:46:00-05:00,COMPLETADA,OK
TX001119,AC00202,AC00388,46125,USD,2023-08-28T17:32:47-05:00,COMPLETADA,OK
TX001120,AC00423,AC00309,6177,USD,2023-09-28T17:06:00-05:00,COMPLETADA,OK
TX001121,AC00362,AC00257,26892,USD,2023-08-14T00:00:00-05:00,COMPLETADA,OK
TX001123,AC00204,AC00171,21902,USD,2024-01-01T16:30:58-05:00,RECHAZADA,Fondos insuficientes
TX001124,AC00369,AC00266,12514,USD,2023-08-28T17:19:18-05:00,COMPLETADA,OK
TX001125,AC00365,AC00311,4760,USD,2023-02-23T18:42:51-05:00,COMPLETADA,OK
TX001126,AC00063,AC00073,59282,USD,2023-09-14T17:25:00-05:00,COMPLETADA,OK
TX001127,AC00455,AC00314,37250,USD,2023-10-16T00:00:00-05:00,COMPLETADA,OK
TX001128,AC00415,AC00202,472,USD,2023-04-17T00:00:00-05:00,COMPLETADA,OK
TX001129,AC00279,AC00380,14493,USD,2023-05-16T16:32:00-05:00,RECHAZADA,Fondos insuficientes
TX001130,AC00262,AC00305,31656,USD,2023-08-29T18:30:00-05:00,COMPLETADA,OK
TX001131,AC00306,AC00426,918,USD,2023-07-06T00:00:00-05:00,COMPLETADA,OK
TX001132,AC00164,AC00252,42125,USD,2023-01-05T16:13:59-05:00,COMPLETADA,OK
TX001133,AC00236,AC00154,18571,USD,2023-08-07T00:00:00-05:00,COMPLETADA,OK
TX001134,AC00095,AC00009,143202,USD,2023-09-08T17:50:09-05:00,RECHAZADA,Fondos insuficientes
TX001135,AC00016,AC00346,2627,USD,2023-03-17T16:22:52-05:00,COMPLETADA,OK
TX001136,AC00386,AC00214,29703,USD,2023-09-08T17:08:30-05:00,COMPLETADA,OK
TX001137,AC00032,AC00409,34167,USD,2023-03-06T16:45:24-05:00,COMPLETADA,OK
TX001138,AC00152,AC00448,9952,USD,2023-04-10T17:49:04-05:00,COMPLETADA,OK
TX001139,AC00020,AC00014,88110,USD,2023-11-13T16:46:06-05:00,COMPLETADA,OK
TX001140,AC00360,AC00136,13969,USD,2023-06-15T00:00:00-05:00,RECHAZADA,Fondos insuficientes
TX001141,AC00286,AC00402,4272,USD,2023-08-17T16:55:00-05:00,COMPLETADA,OK
TX001142,AC00241,AC00298,11272,USD,2023-03-27T16:34:00-05:00,COMPLETADA,OK
TX001143,AC00331,AC00371,56888,USD,2023-02-10T00:00:00-05:00,COMPLETADA,OK
TX001145,AC00040,AC00324,19980,USD,2023-07-24T16:18:00-05:00,COMPLETADA,OK
TX001146,AC00143,AC00398,18908,USD,2023-03-13T16:13:13-05:00,RECHAZADA,Fondos insuficientes
TX001147,AC00068,AC00077,95890,USD,2023-07-04T00:00:00-05:00,COMPLETADA,OK
TX001148,AC00052,AC00126,40959,USD,2023-03-20T16:08:11-05:00,RECHAZADA,Fondos insuficientes
TX001150,AC00254,AC00098,28315,USD,2023-08-11T16:31:00-05:00,COMPLETADA,OK
TX001152,AC00412,AC00212,43859,USD,2023-10-30T17:48:09-05:00,COMPLETADA,OK
TX001153,AC00012,AC00212,59057,USD,2023-06-28T16:07:00-05:00,COMPLETADA,OK
TX001154,AC00353,AC00314,6374,USD,2023-09-12T17:50:26-05:00,COMPLETADA,OK
TX001155,AC00445,AC00448,7702,USD,2023-08-17T16:18:22-05:00,RECHAZADA,Fondos insuficientes
TX001156,AC00281,AC00374,50115,USD,2023-08-21T18:07:14-05:00,COMPLETADA,OK
TX001158,AC00379,AC00288,895,USD,2023-10-04T00:00:00-05:00,COMPLETADA,OK
TX001160,AC00243,AC00193,14940,USD,2023-05-02T16:30:52-05:00,COMPLETADA,OK
TX001161,AC00032,AC00090,38821,USD,2023-12-19T16:39:00-05:00,COMPLETADA,OK
TX001162,AC00460,AC00273,48430,USD,2023-10-17T17:46:52-05:00,COMPLETADA,OK
TX001163,AC00459,AC00182,12604,USD,2023-06-19T16:38:13-05:00,COMPLETADA,OK
TX001164,AC00309,AC00446,5204,USD,2023-07-27T16:28:00-05:00,COMPLETADA,OK
TX001165,AC00109,AC00331,38970,USD,2023-03-10T16:40:00-05:00,COMPLETADA,OK
TX001166,AC00393,AC00136,16110,USD,2023-04-10T17:28:00-05:00,COMPLETADA,OK
TX001167,AC00175,AC00099,30977,USD,2023-05-08T16:31:00-05:00,COMPLETADA,OK
TX001168,AC00010,AC00144,83857,USD,2023-06-26T00:00:00-05:00,COMPLETADA,OK
TX001169,AC00120,AC00116,20255,USD,2023-11-14T18:49:52-05:00,COMPLETADA,OK
TX001170,AC00477,AC00153,72418,USD,2023-02-06T16:07:00-05:00,COMPLETADA,OK
TX001171,AC00410,AC00361,12498,USD,2023-02-21T16:52:00-05:00,COMPLETADA,OK
TX001172,AC00044,AC00362,48732,USD,2023-10-19T18:11:00-05:00,COMPLETADA,OK
TX001173,AC00490,AC00246,63591,USD,2023-11-28T16:55:41-05:00,COMPLETADA,OK
TX001174,AC00342,AC00480,20565,USD,2023-07-13T00:00:00-05:00,COMPLETADA,OK
TX001175,AC00462,AC00370,3941,USD,2023-11-27T16:27:00-05:00,COMPLETADA,OK
TX001176,AC00267,AC00063,25400,USD,2023-05-15T17:33:32-05:00,COMPLETADA,OK
TX001177,AC00363,AC00279,43680,USD,2023-11-16T16:30:01-05:00,COMPLETADA,OK
TX001178,AC00211,AC00203,22473,USD,2023-02-09T16:27:00-05:00,COMPLETADA,OK
TX001179,AC00204,AC00490,75269,USD,2023-05-29T18:55:01-05:00,COMPLETADA,OK
TX001180,AC00456,AC00075,7850,USD,2023-02-14T16:06:00-05:00,COMPLETADA,OK
TX001181,AC00016,AC00149,5000,USD,2023-02-24T18:05:12-05:00,COMPLETADA,OK
TX001182,AC00093,AC00041,13242,USD,2023-07-24T16:22:38-05:00,COMPLETADA,OK
TX001183,AC00401,AC00227,1167,USD,2023-11-13T16:30:21-05:00,COMPLETADA,OK
TX001184,AC00366,AC00384,8316,USD,2023-08-16T00:00:00-05:00,COMPLETADA,OK
TX001185,AC00107,AC00104,14902,USD,2023-09-01T16:35:51-05:00,COMPLETADA,OK
TX001187,AC00384,AC00357,87657,USD,2023-09-11T16:16:06-05:00,COMPLETADA,OK
TX001188,AC00483,AC00056,61558,USD,2023-09-25T16:40:00-05:00,COMPLETADA,OK
TX001189,AC00126,AC00302,64303,USD,2023-08-01T16:23:00-05:00,COMPLETADA,OK
TX001190,AC00437,AC00026,795,USD,2023-01-09T16:45:00-05:00,COMPLETADA,OK
TX001191,AC00382,AC00272,27092,USD,2023-04-21T17:03:00-05:00,COMPLETADA,OK
TX001192,AC00339,AC00120,49948,USD,2023-01-17T00:00:00-05:00,COMPLETADA,OK
TX001194,AC00178,AC00243,13882,USD,2023-10-16T16:12:00-05:00,COMPLETADA,OK
TX001195,AC00201,AC00396,23146,USD,2023-06-08T16:42:30-05:00,COMPLETADA,OK
TX001196,AC00124,AC00495,29208,USD,2023-12-29T00:00:00-05:00,COMPLETADA,OK
TX001197,AC00404,AC00477,6398,USD,2023-10-30T00:00:00-05:00,COMPLETADA,OK
TX001198,AC00347,AC00335,23521,USD,2023-10-16T16:44:00-05:00,COMPLETADA,OK
TX001199,AC00480,AC00450,20173,USD,2023-09-05T18:45:22-05:00,COMPLETADA,OK
TX001200,AC00303,AC00335,16131,USD,2023-09-11T16:24:00-05:00,COMPLETADA,OK
TX001201,AC00249,AC00495,1841,USD,2023-12-01T17:26:00-05:00,COMPLETADA,OK
TX001202,AC00263,AC00147,47175,USD,2023-06-06T00:00:00-05:00,COMPLETADA,OK
TX001203,AC00108,AC00466,29002,USD,2023-09-25T17:48:55-05:00,COMPLETADA,OK
TX001204,AC00490,AC00334,4805,USD,2023-05-18T17:34:20-05:00,COMPLETADA,OK
TX001205,AC00411,AC00274,35942,USD,2023-05-29T16:17:37-05:00,COMPLETADA,OK
TX001206,AC00087,AC00437,3291,USD,2023-05-04T16:37:01-05:00,RECHAZADA,Fondos insuficientes
TX001207,AC00196,AC00469,380,USD,2023-08-08T16:47:00-05:00,COMPLETADA,OK
TX001208,AC00267,AC00214,3181,USD,2023-04-06T00:00:00-05:00,COMPLETADA,OK
TX001210,AC00125,AC00019,47603,USD,2023-09-01T16:12:00-05:00,COMPLETADA,OK
TX001211,AC00428,AC00204,14191,USD,2023-01-19T17:08:00-05:00,COMPLETADA,OK
TX001212,AC00477,AC00096,9583,USD,2023-12-01T16:01:26-05:00,COMPLETADA,OK
TX001213,AC00417,AC00494,5115,USD,2023-03-01T17:26:49-05:00,RECHAZADA,Fondos insuficientes
TX001214,AC00170,AC00149,119220,USD,2023-12-21T16:21:27-05:00,COMPLETADA,OK
TX001215,AC00147,AC00005,5075,USD,2023-08-14T00:00:00-05:00,COMPLETADA,OK
TX001216,AC00097,AC00310,18507,USD,2023-12-19T16:57:40-05:00,RECHAZADA,Fondos insuficientes
TX001217,AC00433,AC00172,29354,USD,2023-01-16T17:26:12-05:00,COMPLETADA,OK
TX001218,AC00381,AC00329,2338,USD,2023-09-25T18:46:41-05:00,COMPLETADA,OK
TX001219,AC00398,AC00253,28526,USD,2023-11-01T16:09:05-05:00,COMPLETADA,OK
TX001220,AC00029,AC00070,12948,USD,2023-02-06T16:30:43-05:00,COMPLETADA,OK
TX001221,AC00291,AC00240,74303,USD,2023-07-27T16:55:39-05:00,COMPLETADA,OK
TX001222,AC00431,AC00415,29786,USD,2023-02-06T00:00:00-05:00,COMPLETADA,OK
TX001223,AC00275,AC00084,23192,USD,2023-07-10T18:00:56-05:00,COMPLETADA,OK
TX001224,AC00093,AC00333,29582,USD,2023-12-14T16:15:28-05:00,COMPLETADA,OK
TX001225,AC00442,AC00096,30286,USD,2023-07-03T00:00:00-05:00,COMPLETADA,OK
TX001227,AC00158,AC00292,77560,USD,2023-08-21T17:43:00-05:00,COMPLETADA,OK
TX001228,AC00334,AC00099,17843,USD,2023-12-26T18:13:00-05:00,COMPLETADA,OK
TX001230,AC00229,AC00208,1721,USD,2023-12-25T17:18:58-05:00,COMPLETADA,OK
TX001232,AC00328,AC00206,3837,USD,2023-09-01T00:00:00-05:00,COMPLETADA,OK
TX001233,AC00160,AC00095,26979,USD,2023-10-03T16:15:25-05:00,RECHAZADA,Fondos insuficientes
TX001234,AC00014,AC00246,60542,USD,2023-06-13T00:00:00-05:00,RECHAZADA,Fondos insuficientes
TX001235,AC00090,AC00129,1119,USD,2023-01-02T17:34:13-05:00,RECHAZADA,Fondos insuficientes
TX001237,AC00478,AC00386,70170,USD,2023-06-30T16:57:00-05:00,RECHAZADA,Fondos insuficientes
TX001238,AC00356,AC00169,86234,USD,2023-05-25T16:16:02-05:00,COMPLETADA,OK
TX001239,AC00244,AC00372,41097,USD,2023-09-25T00:00:00-05:00,COMPLETADA,OK
TX001240,AC00103,AC00135,3697,USD,2023-08-23T17:22:49-05:00,COMPLETADA,OK
TX001241,AC00053,AC00356,13759,USD,2023-01-03T16:27:16-05:00,COMPLETADA,OK
TX001242,AC00151,AC00343,16811,USD,2023-05-19T16:44:53-05:00,COMPLETADA,OK
TX001243,AC00494,AC00158,43098,USD,2023-10-10T00:00:00-05:00,COMPLETADA,OK
TX001244,AC00219,AC00353,1387,USD,2023-12-11T00:00:00-05:00,COMPLETADA,OK
TX001245,AC00202,AC00460,64268,USD,2023-05-25T16:45:31-05:00,RECHAZADA,Fondos insuficientes
TX001246,AC00254,AC00396,17507,USD,2023-11-23T16:59:11-05:00,COMPLETADA,OK
TX001247,AC00285,AC00061,30282,USD,2023-11-03T16:50:20-05:00,COMPLETADA,OK
TX001248,AC00071,AC00483,164774,USD,2023-12-25T00:00:00-05:00,COMPLETADA,OK
TX001249,AC00073,AC00316,40681,USD,2023-12-05T16:32:49-05:00,COMPLETADA,OK
TX001250,AC00383,AC00492,25630,USD,2023-04-05T16:21:59-05:00,COMPLETADA,OK
TX001252,AC00153,AC00312,9578,USD,2023-03-23T17:09:00-05:00,COMPLETADA,OK
TX001253,AC00460,AC00360,37954,USD,2023-01-03T17:14:14-05:00,COMPLETADA,OK
TX001254,AC00439,AC00242,90319,USD,2023-07-06T00:00:00-05:00,COMPLETADA,OK
TX001255,AC00070,AC00412,14219,USD,2023-06-15T18:28:50-05:00,COMPLETADA,OK
TX001257,AC00330,AC00350,29518,USD,2023-05-09T17:54:00-05:00,COMPLETADA,OK
TX001258,AC00027,AC00449,1846,USD,2023-11-20T16:29:14-05:00,COMPLETADA,OK
TX001259,AC00020,AC00271,60323,USD,2023-08-24T17:34:13-05:00,COMPLETADA,OK
TX001260,AC00232,AC00362,5450,USD,2023-11-22T16:59:00-05:00,COMPLETADA,OK
TX001261,AC00247,AC00471,41477,USD,2024-01-01T17:37:04-05:00,COMPLETADA,OK
TX001262,AC00136,AC00032,88619,USD,2023-08-21T00:00:00-05:00,COMPLETADA,OK
TX001263,AC00322,AC00464,44003,USD,2023-11-29T16:11:00-05:00,COMPLETADA,OK
TX001264,AC00461,AC00294,3546,USD,2023-03-23T00:00:00-05:00,COMPLETADA,OK
TX001265,AC00079,AC00086,7639,USD,2023-01-13T17:19:00-05:00,COMPLETADA,OK
TX001266,AC00176,AC00268,59591,USD,2023-08-10T18:39:04-05:00,COMPLETADA,OK
TX001267,AC00417,AC00349,603,USD,2023-08-09T18:42:25-05:00,COMPLETADA,OK
TX001268,AC00260,AC00300,24934,USD,2023-08-15T17:21:47-05:00,COMPLETADA,OK
TX001269,AC00471,AC00461,42152,USD,2023-08-15T17:35:00-05:00,COMPLETADA,OK
TX001270,AC00231,AC00416,18977,USD,2023-02-27T16:08:40-05:00,COMPLETADA,OK
TX001272,AC00475,AC00234,18813,USD,2023-06-02T18:12:29-05:00,COMPLETADA,OK
TX001273,AC00329,AC00287,3052,USD,2023-05-19T17:19:00-05:00,COMPLETADA,OK
TX001275,AC00398,AC00012,115939,USD,2023-10-12T16:29:00-05:00,COMPLETADA,OK
TX001276,AC00221,AC00420,17024,USD,2023-06-05T16:24:12-05:00,COMPLETADA,OK
TX001278,AC00266,AC00024,5314,USD,2023-04-21T17:19:00-05:00,RECHAZADA,Fondos insuficientes
TX001279,AC00297,AC00360,58723,USD,2023-07-31T17:54:28-05:00,COMPLETADA,OK
TX001281,AC00489,AC00036,2127,USD,2023-07-24T17:01:19-05:00,COMPLETADA,OK
TX001282,AC00128,AC00243,139759,USD,2023-11-13T00:00:00-05:00,COMPLETADA,OK
TX001284,AC00410,AC00070,17019,USD,2023-07-07T17:40:00-05:00,RECHAZADA,Fondos insuficientes
TX001285,AC00360,AC00375,15551,USD,2023-08-21T18:51:06-05:00,COMPLETADA,OK
TX001286,AC00422,AC00216,13515,USD,2023-03-20T17:13:09-05:00,COMPLETADA,OK
TX001287,AC00225,AC00458,3948,USD,2023-05-26T16:47:51-05:00,COMPLETADA,OK
TX001289,AC00468,AC00194,1911,USD,2023-09-18T16:31:00-05:00,COMPLETADA,OK
TX001290,AC00138,AC00351,35500,USD,2023-08-29T00:00:00-05:00,RECHAZADA,Fondos insuficientes
TX001291,AC00013,AC00449,42769,USD,2023-03-28T16:02:03-05:00,COMPLETADA,OK
TX001292,AC00275,AC00336,25486,USD,2023-01-26T17:21:46-05:00,RECHAZADA,Fondos insuficientes
TX001293,AC00125,AC00061,1948,USD,2023-07-10T00:00:00-05:00,COMPLETADA,OK
TX001294,AC00200,AC00277,19017,USD,2023-06-09T17:41:00-05:00,COMPLETADA,OK
TX001295,AC00213,AC00066,9138,USD,2023-04-03T16:41:47-05:00,COMPLETADA,OK
TX001296,AC00035,AC00116,20663,USD,2023-12-07T16:11:01-05:00,COMPLETADA,OK
TX001297,AC00070,AC00389,9322,USD,2023-04-07T17:11:00-05:00,COMPLETADA,OK
TX001299,AC00060,AC00370,64106,USD,2023-12-11T16:09:08-05:00,RECHAZADA,Fondos insuficientes
TX001300,AC00304,AC00273,31455,USD,2023-04-25T17:15:27-05:00,COMPLETADA,OK
TX001301,AC00372,AC00118,83645,USD,2023-02-27T00:00:00-05:00,COMPLETADA,OK
TX001302,AC00498,AC00178,109509,USD,2023-04-17T17:27:00-05:00,COMPLETADA,OK
TX001304,AC00396,AC00372,9184,USD,2023-07-05T17:21:56-05:00,COMPLETADA,OK
TX001305,AC00083,AC00017,60952,USD,2023-07-28T16:03:27-05:00,COMPLETADA,OK
TX001306,AC00479,AC00215,85930,USD,2023-08-01T17:18:04-05:00,COMPLETADA,OK
TX001307,AC00091,AC00481,10001,USD,2023-06-29T16:06:51-05:00,COMPLETADA,OK
TX001308,AC00024,AC00009,2878,USD,2023-08-07T16:08:04-05:00,COMPLETADA,OK
TX001309,AC00366,AC00035,11108,USD,2023-05-15T17:46:13-05:00,COMPLETADA,OK
TX001310,AC00470,AC00018,47096,USD,2023-03-10T16:22:05-05:00,COMPLETADA,OK
TX001311,AC00032,AC00346,5223,USD,2023-09-11T00:00:00-05:00,COMPLETADA,OK
TX001312,AC00136,AC00025,7862,USD,2023-07-31T00:00:00-05:00,COMPLETADA,OK
TX001313,AC00001,AC00024,4779,USD,2023-09-15T17:00:20-05:00,COMPLETADA,OK
TX001314,AC00187,AC00120,33397,USD,2023-03-22T00:00:00-05:00,COMPLETADA,OK
TX001315,AC00452,AC00387,3087,USD,2023-07-12T16:50:42-05:00,COMPLETADA,OK
TX001316,AC00036,AC00029,71043,USD,2023-03-08T17:07:21-05:00,RECHAZADA,Fondos insuficientes
TX001317,AC00125,AC00150,22023,USD,2023-09-18T00:00:00-05:00,COMPLETADA,OK
TX001318,AC00403,AC00471,2728,USD,2023-12-25T00:00:00-05:00,COMPLETADA,OK
TX001319,AC00264,AC00164,10152,USD,2023-08-09T00:00:00-05:00,RECHAZADA,Fondos insuficientes
TX001320,AC00123,AC00397,16265,USD,2023-05-11T17:15:10-05:00,RECHAZADA,Fondos insuficientes
TX001321,AC00298,AC00165,1052,USD,2023-07-19T17:38:50-05:00,COMPLETADA,OK
TX001322,AC00235,AC00450,27072,USD,2023-03-27T17:25:00-05:00,RECHAZADA,Fondos insuficientes
TX001323,AC00259,AC00340,20234,USD,2023-01-10T16:32:06-05:00,COMPLETADA,OK
TX001324,AC00329,AC00212,24758,USD,2023-05-29T18:40:32-05:00,COMPLETADA,OK
TX001325,AC00482,AC00032,68617,USD,2023-10-03T17:27:25-05:00,COMPLETADA,OK
TX001326,AC00020,AC00304,35965,USD,2023-01-12T17:58:56-05:00,COMPLETADA,OK
TX001327,AC00453,AC00468,10991,USD,2023-05-01T16:23:22-05:00,COMPLETADA,OK
TX001328,AC00367,AC00348,21572,USD,2023-10-11T00:00:00-05:00,COMPLETADA,OK
TX001329,AC00167,AC00255,49076,USD,2023-01-19T16:28:00-05:00,RECHAZADA,Fondos insuficientes
TX001331,AC00078,AC00345,61403,USD,2023-05-08T16:37:00-05:00,RECHAZADA,Fondos insuficientes
TX001332,AC00212,AC00270,60879,USD,2023-11-03T18:37:18-05:00,COMPLETADA,OK
TX001333,AC00051,AC00215,18655,USD,2023-06-21T16:49:10-05:00,COMPLETADA,OK
TX001334,AC00250,AC00154,84016,USD,2023-03-20T16:35:00-05:00,COMPLETADA,OK
TX001335,AC00304,AC00388,20334,USD,2023-12-20T17:13:50-05:00,COMPLETADA,OK
TX001336,AC00007,AC00125,9088,USD,2023-11-20T00:00:00-05:00,COMPLETADA,OK
TX001337,AC00017,AC00155,6011,USD,2023-11-27T17:39:00-05:00,COMPLETADA,OK
TX001338,AC00158,AC00074,39392,USD,2023-05-16T16:57:35-05:00,RECHAZADA,Fondos insuficientes
TX001339,AC00110,AC00470,1939,USD,2023-11-17T16:39:00-05:00,COMPLETADA,OK
TX001341,AC00079,AC00287,5707,USD,2023-08-25T16:30:02-05:00,COMPLETADA,OK
TX001342,AC00403,AC00199,39527,USD,2023-08-07T16:38:52-05:00,COMPLETADA,OK
TX001343,AC00228,AC00105,28905,USD,2023-06-09T00:00:00-05:00,COMPLETADA,OK
TX001344,AC00344,AC00041,4611,USD,2023-03-27T17:07:00-05:00,COMPLETADA,OK
TX001345,AC00466,AC00434,33550,USD,2023-08-14T00:00:00-05:00,COMPLETADA,OK
TX001346,AC00204,AC00276,38807,USD,2023-09-05T00:00:00-05:00,COMPLETADA,OK
TX001347,AC00030,AC00099,52086,USD,2023-03-20T16:29:00-05:00,COMPLETADA,OK
TX001349,AC00094,AC00310,3170,USD,2023-06-01T16:56:00-05:00,COMPLETADA,OK
TX001351,AC00351,AC00391,20312,USD,2023-01-18T16:59:48-05:00,COMPLETADA,OK
TX001352,AC00335,AC00345,31594,USD,2023-02-27T17:06:00-05:00,COMPLETADA,OK
TX001353,AC00409,AC00246,19223,USD,2023-12-28T16:34:52-05:00,RECHAZADA,Fondos insuficientes
TX001354,AC00312,AC00466,151071,USD,2023-06-15T16:48:29-05:00,COMPLETADA,OK
TX001355,AC00097,AC00491,26,USD,2023-11-23T00:00:00-05:00,COMPLETADA,OK
TX001357,AC00280,AC00494,40665,USD,2023-11-08T18:32:00-05:00,COMPLETADA,OK
TX001358,AC00023,AC00384,42290,USD,2023-02-27T16:15:53-05:00,COMPLETADA,OK
TX001359,AC00077,AC00247,2062,USD,2023-06-21T17:10:18-05:00,COMPLETADA,OK
TX001360,AC00113,AC00358,17439,USD,2023-01-09T16:08:52-05:00,RECHAZADA,Fondos insuficientes
TX001361,AC00391,AC00105,786,USD,2023-10-16T16:47:00-05:00,COMPLETADA,OK
TX001362,AC00136,AC00123,6198,USD,2023-01-03T18:18:14-05:00,COMPLETADA,OK
TX001363,AC00204,AC00399,5485,USD,2023-09-05T16:05:00-05:00,COMPLETADA,OK
TX001364,AC00089,AC00240,20470,USD,2023-09-21T00:00:00-05:00,COMPLETADA,OK
TX001365,AC00305,AC00184,1655,USD,2023-09-11T17:05:50-05:00,COMPLETADA,OK
TX001366,AC00338,AC00185,9132,USD,2023-11-10T16:43:00-05:00,RECHAZADA,Fondos insuficientes
TX001367,AC00268,AC00255,19549,USD,2023-06-12T00:00:00-05:00,COMPLETADA,OK
TX001368,AC00363,AC00413,4962,USD,2023-12-07T16:19:07-05:00,COMPLETADA,OK
TX001369,AC00316,AC00241,48716,USD,2023-01-02T16:01:14-05:00,COMPLETADA,OK
TX001370,AC00167,AC00164,40560,USD,2023-08-08T00:00:00-05:00,COMPLETADA,OK
TX001371,AC00405,AC00190,51295,USD,2023-10-16T17:08:36-05:00,COMPLETADA,OK
TX001372,AC00098,AC00024,34594,USD,2023-10-09T17:32:57-05:00,COMPLETADA,OK
TX001373,AC00116,AC00114,35656,USD,2023-10-09T17:23:21-05:00,COMPLETADA,OK
TX001374,AC00267,AC00009,1031,USD,2023-01-13T00:00:00-05:00,COMPLETADA,OK
TX001375,AC00447,AC00480,21169,USD,2023-10-20T00:00:00-05:00,COMPLETADA,OK
TX001376,AC00042,AC00370,22149,USD,2023-09-13T18:11:22-05:00,COMPLETADA,OK
TX001377,AC00074,AC00080,27823,USD,2023-05-04T17:49:33-05:00,COMPLETADA,OK
TX001378,AC00063,AC00119,11688,USD,2023-10-04T17:10:00-05:00,COMPLETADA,OK
TX001379,AC00085,AC00428,32877,USD,2023-04-03T17:59:23-05:00,COMPLETADA,OK
TX001380,AC00126,AC00283,7753,USD,2023-07-25T00:00:00-05:00,COMPLETADA,OK
TX001381,AC00471,AC00351,42174,USD,2023-06-20T17:07:05-05:00,RECHAZADA,Fondos insuficientes
TX001382,AC00304,AC00392,31369,USD,2023-03-10T16:35:00-05:00,COMPLETADA,OK
TX001383,AC00242,AC00496,41172,USD,2023-06-20T18:43:00-05:00,COMPLETADA,OK
TX001384,AC00261,AC00380,50873,USD,2023-07-14T16:22:54-05:00,COMPLETADA,OK
TX001385,AC00338,AC00087,15308,USD,2023-11-27T16:57:08-05:00,COMPLETADA,OK
TX001386,AC00292,AC00181,2301,USD,2023-06-09T00:00:00-05:00,COMPLETADA,OK
TX001387,AC00024,AC00370,6928,USD,2023-10-30T16:36:24-05:00,RECHAZADA,Fondos insuficientes
TX001389,AC00412,AC00278,40765,USD,2023-08-07T17:17:34-05:00,COMPLETADA,OK
TX001390,AC00315,AC00492,45925,USD,2023-05-23T00:00:00-05:00,COMPLETADA,OK
TX001392,AC00462,AC00039,1767,USD,2023-06-27T00:00:00-05:00,RECHAZADA,Fondos insuficientes
TX001393,AC00481,AC00343,529,USD,2023-03-13T18:24:20-05:00,COMPLETADA,OK
TX001395,AC00438,AC00432,14540,USD,2023-07-06T17:53:38-05:00,COMPLETADA,OK
TX001396,AC00090,AC00035,55634,USD,2023-10-19T16:34:22-05:00,COMPLETADA,OK
TX001397,AC00041,AC00005,3431,USD,2023-04-28T16:55:28-05:00,RECHAZADA,Fondos insuficientes
TX001398,AC00141,AC00235,78059,USD,2023-06-28T17:58:48-05:00,COMPLETADA,OK
TX001399,AC00410,AC00317,28265,USD,2023-03-08T17:42:36-05:00,COMPLETADA,OK
TX001400,AC00362,AC00480,30527,USD,2023-09-27T16:25:00-05:00,COMPLETADA,OK
TX001401,AC00315,AC00248,18581,USD,2023-09-20T16:30:06-05:00,COMPLETADA,OK
TX001402,AC00092,AC00009,6601,USD,2023-10-06T18:39:39-05:00,COMPLETADA,OK
TX001404,AC00069,AC00009,27930,USD,2023-06-22T00:00:00-05:00,COMPLETADA,OK
TX001405,AC00498,AC00141,2675,USD,2023-05-08T00:00:00-05:00,COMPLETADA,OK
TX001406,AC00006,AC00148,61115,USD,2023-08-11T17:12:30-05:00,COMPLETADA,OK
TX001408,AC00311,AC00221,42779,USD,2023-02-21T00:00:00-05:00,COMPLETADA,OK
TX001409,AC00144,AC00467,46913,USD,2023-12-04T17:53:57-05:00,COMPLETADA,OK
TX001410,AC00157,AC00472,10281,USD,2023-12-04T16:23:00-05:00,COMPLETADA,OK
TX001411,AC00171,AC00077,2261,USD,2023-12-21T17:56:04-05:00,RECHAZADA,Fondos insuficientes
TX001412,AC00374,AC00318,6828,USD,2023-06-08T00:00:00-05:00,COMPLETADA,OK
TX001413,AC00219,AC00419,3365,USD,2023-09-18T00:00:00-05:00,RECHAZADA,Fondos insuficientes
TX001414,AC00405,AC00409,36268,USD,2023-01-16T18:02:00-05:00,COMPLETADA,OK
TX001415,AC00075,AC00193,7323,USD,2023-06-23T16:41:27-05:00,COMPLETADA,OK
TX001416,AC00136,AC00237,65449,USD,2023-11-20T16:31:00-05:00,COMPLETADA,OK
TX001417,AC00056,AC00358,1856,USD,2023-04-24T17:04:21-05:00,COMPLETADA,OK
TX001418,AC00368,AC00351,38905,USD,2023-01-06T00:00:00-05:00,COMPLETADA,OK
TX001422,AC00144,AC00196,33548,USD,2023-03-02T00:00:00-05:00,COMPLETADA,OK
TX001423,AC00207,AC00245,3814,USD,2023-12-28T16:51:20-05:00,COMPLETADA,OK
TX001425,AC00179,AC00043,36002,USD,2023-02-09T16:29:06-05:00,COMPLETADA,OK
TX001426,AC00175,AC00224,56771,USD,2023-02-06T18:39:23-05:00,RECHAZADA,Fondos insuficientes
TX001427,AC00386,AC00170,21819,USD,2023-05-23T16:29:00-05:00,COMPLETADA,OK
TX001428,AC00067,AC00441,20999,USD,2023-09-07T17:19:21-05:00,COMPLETADA,OK
TX001429,AC00369,AC00460,1102,USD,2023-11-13T16:32:00-05:00,COMPLETADA,OK
TX001430,AC00257,AC00022,8343,USD,2023-05-30T16:28:48-05:00,COMPLETADA,OK
TX001431,AC00059,AC00463,34497,USD,2023-03-20T17:30:52-05:00,COMPLETADA,OK
TX001432,AC00341,AC00456,17229,USD,2023-01-30T17:22:39-05:00,RECHAZADA,Fondos insuficientes
TX001433,AC00357,AC00139,19554,USD,2023-07-17T16:05:23-05:00,COMPLETADA,OK
TX001435,AC00346,AC00144,18046,USD,2023-03-13T16:26:30-05:00,COMPLETADA,OK
TX001436,AC00118,AC00290,69255,USD,2023-03-07T00:00:00-05:00,COMPLETADA,OK
TX001438,AC00028,AC00163,10748,USD,2023-02-07T17:38:18-05:00,COMPLETADA,OK
TX001440,AC00090,AC00387,8151,USD,2023-08-10T16:10:22-05:00,COMPLETADA,OK
TX001441,AC00367,AC00422,36548,USD,2023-05-22T17:59:02-05:00,RECHAZADA,Fondos insuficientes
TX001442,AC00441,AC00040,49110,USD,2023-06-05T16:08:00-05:00,COMPLETADA,OK
TX001443,AC00266,AC00290,45280,USD,2023-11-24T16:45:00-05:00,COMPLETADA,OK
TX001444,AC00072,AC00429,64504,USD,2023-12-22T17:08:55-05:00,COMPLETADA,OK
TX001446,AC00119,AC00171,8842,USD,2023-10-18T16:28:00-05:00,COMPLETADA,OK
TX001447,AC00061,AC00380,15553,USD,2023-03-24T17:04:32-05:00,COMPLETADA,OK
TX001448,AC00080,AC00354,99182,USD,2023-12-04T16:16:00-05:00,COMPLETADA,OK
TX001449,AC00254,AC00258,3924,USD,2023-11-14T18:33:00-05:00,COMPLETADA,OK
TX001450,AC00218,AC00178,15201,USD,2023-02-23T00:00:00-05:00,RECHAZADA,Fondos insuficientes
TX001452,AC00460,AC00039,2650,USD,2023-02-08T16:42:00-05:00,COMPLETADA,OK
TX001453,AC00257,AC00395,8362,USD,2023-06-22T17:18:00-05:00,COMPLETADA,OK
TX001454,AC00398,AC00305,14278,USD,2023-05-09T16:40:52-05:00,COMPLETADA,OK
TX001455,AC00162,AC00398,5599,USD,2023-11-13T16:16:24-05:00,COMPLETADA,OK
TX001456,AC00015,AC00326,77448,USD,2023-03-06T00:00:00-05:00,RECHAZADA,Fondos insuficientes
TX001457,AC00462,AC00231,10537,USD,2023-05-11T18:31:00-05:00,COMPLETADA,OK
TX001458,AC00218,AC00183,11883,USD,2023-06-26T16:10:25-05:00,COMPLETADA,OK
TX001459,AC00217,AC00193,4622,USD,2023-11-13T16:41:09-05:00,COMPLETADA,OK
TX001460,AC00460,AC00349,65971,USD,2023-05-05T16:10:24-05:00,COMPLETADA,OK
TX001461,AC00068,AC00196,37797,USD,2023-11-17T16:50:08-05:00,COMPLETADA,OK
TX001462,AC00214,AC00318,11410,USD,2023-05-22T00:00:00-05:00,COMPLETADA,OK
TX001463,AC00266,AC00127,1130,USD,2023-12-01T16:33:43-05:00,COMPLETADA,OK
TX001464,AC00193,AC00043,9550,USD,2023-05-22T16:24:02-05:00,COMPLETADA,OK
TX001465,AC00132,AC00196,13093,USD,2023-02-08T16:52:00-05:00,COMPLETADA,OK
TX001467,AC00015,AC00201,7335,USD,2023-03-13T16:33:49-05:00,COMPLETADA,OK
TX001468,AC00352,AC00055,2994,USD,2023-10-13T16:22:00-05:00,COMPLETADA,OK
TX001469,AC00396,AC00484,30724,USD,2023-11-02T16:05:00-05:00,COMPLETADA,OK
TX001470,AC00174,AC00186,5052,USD,2023-10-16T00:00:00-05:00,COMPLETADA,OK
TX001471,AC00024,AC00054,82046,USD,2023-04-03T16:22:00-05:00,COMPLETADA,OK
TX001472,AC00250,AC00096,15307,USD,2023-04-03T18:37:00-05:00,RECHAZADA,Fondos insuficientes
TX001473,AC00373,AC00286,5294,USD,2023-06-12T00:00:00-05:00,COMPLETADA,OK
TX001474,AC00030,AC00210,38441,USD,2023-04-17T16:53:00-05:00,RECHAZADA,Fondos insuficientes
TX001475,AC00422,AC00046,23542,USD,2023-07-10T18:34:22-05:00,COMPLETADA,OK
TX001476,AC00229,AC00048,11423,USD,2023-06-07T17:35:00-05:00,COMPLETADA,OK
TX001477,AC00002,AC00403,1262,USD,2023-05-05T16:35:44-05:00,COMPLETADA,OK
TX001478,AC00227,AC00198,99737,USD,2023-12-22T00:00:00-05:00,COMPLETADA,OK
TX001480,AC00042,AC00045,33605,USD,2023-04-24T17:18:00-05:00,COMPLETADA,OK
TX001481,AC00111,AC00288,36693,USD,2023-12-11T18:43:00-05:00,COMPLETADA,OK
TX001482,AC00178,AC00125,11227,USD,2023-10-19T17:34:53-05:00,COMPLETADA,OK
TX001483,AC00218,AC00087,49496,USD,2023-03-31T16:34:38-05:00,COMPLETADA,OK
TX001484,AC00198,AC00087,56158,USD,2023-06-23T17:38:26-05:00,RECHAZADA,Fondos insuficientes
TX001485,AC00060,AC00156,44094,USD,2023-09-13T18:38:27-05:00,RECHAZADA,Fondos insuficientes
TX001486,AC00397,AC00075,7190,USD,2023-02-20T16:28:39-05:00,COMPLETADA,OK
TX001488,AC00101,AC00155,16655,USD,2023-07-13T17:51:44-05:00,COMPLETADA,OK
TX001489,AC00384,AC00040,27626,USD,2023-02-13T17:04:50-05:00,COMPLETADA,OK
TX001490,AC00368,AC00485,3546,USD,2023-07-18T16:38:11-05:00,COMPLETADA,OK
TX001491,AC00233,AC00322,3814,USD,2023-04-07T16:16:00-05:00,RECHAZADA,Fondos insuficientes
TX001492,AC00375,AC00316,50626,USD,2023-12-18T18:26:00-05:00,COMPLETADA,OK
TX001493,AC00277,AC00055,73632,USD,2023-04-12T17:06:06-05:00,COMPLETADA,OK
TX001494,AC00202,AC00004,38943,USD,2023-11-27T18:01:00-05:00,COMPLETADA,OK
TX001495,AC00142,AC00172,2558,USD,2023-11-16T16:33:22-05:00,COMPLETADA,OK
TX001496,AC00178,AC00196,44610,USD,2023-09-19T17:45:00-05:00,COMPLETADA,OK
TX001498,AC00018,AC00222,122881,USD,2023-02-20T16:36:00-05:00,RECHAZADA,Fondos insuficientes
TX001499,AC00293,AC00442,4623,USD,2023-05-29T17:45:26-05:00,COMPLETADA,OK
TX001500,AC00449,AC00305,26537,USD,2023-05-26T17:56:17-05:00,COMPLETADA,OK
TX001501,AC00496,AC00165,34257,USD,2023-02-03T00:00:00-05:00,COMPLETADA,OK
TX001502,AC00370,AC00356,41726,USD,2023-02-27T17:01:24-05:00,COMPLETADA,OK
TX001503,AC00341,AC00161,3363,USD,2023-11-03T16:50:00-05:00,COMPLETADA,OK
TX001504,AC00400,AC00204,6458,USD,2023-12-04T18:06:00-05:00,COMPLETADA,OK
TX001505,AC00301,AC00150,2323,USD,2023-04-20T16:34:59-05:00,COMPLETADA,OK
TX001506,AC00249,AC00326,16052,USD,2023-08-07T16:15:00-05:00,RECHAZADA,Fondos insuficientes
TX001507,AC00239,AC00296,27888,USD,2023-09-29T16:53:00-05:00,RECHAZADA,Fondos insuficientes
TX001508,AC00419,AC00167,28549,USD,2023-08-11T00:00:00-05:00,COMPLETADA,OK
TX001509,AC00435,AC00419,7187,USD,2023-01-16T18:03:02-05:00,COMPLETADA,OK
TX001510,AC00012,AC00188,30880,USD,2023-12-26T00:00:00-05:00,COMPLETADA,OK
TX001511,AC00438,AC00289,13535,USD,2023-07-28T18:42:51-05:00,COMPLETADA,OK
TX001512,AC00345,AC00280,28843,USD,2023-05-08T16:37:53-05:00,COMPLETADA,OK
TX001513,AC00026,AC00395,14746,USD,2023-10-12T16:58:00-05:00,COMPLETADA,OK
TX001514,AC00416,AC00489,21415,USD,2023-10-30T17:07:54-05:00,COMPLETADA,OK
TX001516,AC00468,AC00225,17036,USD,2023-03-27T16:56:00-05:00,COMPLETADA,OK
TX001517,AC00040,AC00427,96566,USD,2023-12-18T17:22:16-05:00,COMPLETADA,OK
TX001518,AC00302,AC00421,73653,USD,2023-05-10T17:05:00-05:00,COMPLETADA,OK
TX001519,AC00271,AC00409,21342,USD,2023-07-27T17:30:14-05:00,COMPLETADA,OK
TX001520,AC00495,AC00256,9409,USD,2023-09-12T16:32:09-05:00,COMPLETADA,OK
TX001521,AC00246,AC00156,9123,USD,2023-05-15T16:13:54-05:00,COMPLETADA,OK
TX001522,AC00139,AC00339,26392,USD,2023-07-26T00:00:00-05:00,COMPLETADA,OK
TX001523,AC00298,AC00217,7750,USD,2023-05-23T16:44:55-05:00,COMPLETADA,OK
TX001524,AC00246,AC00038,365,USD,2023-02-13T17:48:36-05:00,COMPLETADA,OK
TX001525,AC00323,AC00307,4388,USD,2023-11-13T17:43:37-05:00,COMPLETADA,OK
TX001526,AC00310,AC00206,59198,USD,2023-04-28T16:32:00-05:00,COMPLETADA,OK
TX001527,AC00083,AC00474,22479,USD,2023-08-22T16:34:00-05:00,COMPLETADA,OK
TX001528,AC00222,AC00356,6430,USD,2023-09-04T17:36:40-05:00,COMPLETADA,OK
TX001529,AC00459,AC00019,11179,USD,2023-12-26T17:40:00-05:00,COMPLETADA,OK
TX001530,AC00091,AC00186,92716,USD,2023-03-20T16:48:00-05:00,COMPLETADA,OK
TX001532,AC00432,AC00327,2607,USD,2023-03-16T17:00:29-05:00,COMPLETADA,OK
TX001533,AC00218,AC00056,17045,USD,2023-01-05T16:56:49-05:00,COMPLETADA,OK
TX001534,AC00294,AC00338,34427,USD,2023-09-19T00:00:00-05:00,COMPLETADA,OK
TX001535,AC00407,AC00086,87272,USD,2023-04-24T16:47:00-05:00,COMPLETADA,OK
TX001536,AC00480,AC00023,29295,USD,2023-02-16T00:00:00-05:00,COMPLETADA,OK
TX001537,AC00367,AC00331,2844,USD,2023-08-31T17:43:38-05:00,COMPLETADA,OK
TX001538,AC00324,AC00205,20902,USD,2023-03-03T17:08:36-05:00,COMPLETADA,OK
TX001539,AC00253,AC00170,2005,USD,2023-11-29T17:43:51-05:00,COMPLETADA,OK
TX001540,AC00344,AC00221,17502,USD,2023-04-10T16:23:00-05:00,COMPLETADA,OK
TX001541,AC00153,AC00051,8950,USD,2023-08-21T16:22:00-05:00,COMPLETADA,OK
TX001542,AC00016,AC00263,6996,USD,2023-10-16T00:00:00-05:00,COMPLETADA,OK
TX001543,AC00291,AC00286,14651,USD,2023-01-25T17:12:17-05:00,COMPLETADA,OK
TX001544,AC00362,AC00295,37678,USD,2023-08-14T00:00:00-05:00,COMPLETADA,OK
TX001545,AC00202,AC00192,14854,USD,2023-12-22T16:25:00-05:00,COMPLETADA,OK
TX001546,AC00163,AC00397,38877,USD,2023-12-11T16:57:08-05:00,COMPLETADA,OK
TX001547,AC00123,AC00355,10038,USD,2023-11-27T17:51:15-05:00,COMPLETADA,OK
TX001548,AC00054,AC00178,13723,USD,2023-04-07T16:50:22-05:00,RECHAZADA,Fondos insuficientes
TX001549,AC00172,AC00249,87030,USD,2023-08-28T17:56:39-05:00,COMPLETADA,OK
TX001550,AC00176,AC00214,45894,USD,2023-07-18T18:06:23-05:00,COMPLETADA,OK
TX001551,AC00093,AC00044,32735,USD,2023-09-25T00:00:00-05:00,COMPLETADA,OK
TX001552,AC00310,AC00483,75715,USD,2023-01-17T16:53:00-05:00,COMPLETADA,OK
TX001553,AC00127,AC00180,564,USD,2023-03-08T16:57:00-05:00,RECHAZADA,Fondos insuficientes
TX001554,AC00286,AC00234,4723,USD,2023-08-03T00:00:00-05:00,COMPLETADA,OK
TX001555,AC00497,AC00267,23941,USD,2023-11-01T17:23:00-05:00,COMPLETADA,OK
TX001556,AC00475,AC00244,748,USD,2023-07-03T16:46:00-05:00,RECHAZADA,Fondos insuficientes
TX001557,AC00470,AC00370,17097,USD,2023-05-01T17:04:00-05:00,COMPLETADA,OK
TX001558,AC00245,AC00164,26243,USD,2023-06-13T17:26:00-05:00,RECHAZADA,Fondos insuficientes
TX001562,AC00015,AC00348,25001,USD,2023-11-06T16:28:15-05:00,COMPLETADA,OK
TX001563,AC00112,AC00478,55415,USD,2023-04-18T17:17:00-05:00,COMPLETADA,OK
TX001564,AC00057,AC00126,59866,USD,2023-01-10T16:51:44-05:00,COMPLETADA,OK
TX001565,AC00393,AC00283,2838,USD,2023-05-18T00:00:00-05:00,COMPLETADA,OK
TX001567,AC00466,AC00237,89679,USD,2023-11-06T16:35:59-05:00,RECHAZADA,Fondos insuficientes
TX001568,AC00453,AC00208,15900,USD,2023-03-06T18:04:32-05:00,COMPLETADA,OK
TX001569,AC00203,AC00096,5631,USD,2023-09-27T00:00:00-05:00,RECHAZADA,Fondos insuficientes
TX001570,AC00228,AC00222,20399,USD,2023-01-20T16:34:00-05:00,COMPLETADA,OK
TX001571,AC00131,AC00379,5099,USD,2023-10-31T16:45:00-05:00,COMPLETADA,OK
TX001572,AC00247,AC00102,10128,USD,2023-08-23T18:19:06-05:00,COMPLETADA,OK
TX001573,AC00425,AC00220,29992,USD,2023-10-09T18:41:00-05:00,COMPLETADA,OK
TX001574,AC00123,AC00362,7754,USD,2023-02-01T00:00:00-05:00,COMPLETADA,OK
TX001575,AC00139,AC00144,1835,USD,2023-09-18T16:40:00-05:00,COMPLETADA,OK
TX001576,AC00379,AC00416,73253,USD,2023-05-22T16:54:00-05:00,RECHAZADA,Fondos insuficientes
TX001577,AC00059,AC00297,6511,USD,2023-09-07T16:47:49-05:00,RECHAZADA,Fondos insuficientes
TX001578,AC00233,AC00448,6707,USD,2023-06-05T16:24:41-05:00,COMPLETADA,OK
TX001579,AC00007,AC00189,13748,USD,2023-11-27T17:34:33-05:00,COMPLETADA,OK
TX001580,AC00028,AC00236,39836,USD,2023-06-27T16:52:00-05:00,COMPLETADA,OK
TX001581,AC00428,AC00344,46946,USD,2023-11-08T18:24:00-05:00,RECHAZADA,Fondos insuficientes
TX001582,AC00242,AC00272,3758,USD,2023-04-17T00:00:00-05:00,COMPLETADA,OK
TX001583,AC00447,AC00161,16024,USD,2023-08-08T17:06:41-05:00,COMPLETADA,OK
TX001584,AC00081,AC00314,31539,USD,2023-05-26T16:52:00-05:00,COMPLETADA,OK
TX001585,AC00358,AC00059,43417,USD,2023-01-05T16:40:09-05:00,COMPLETADA,OK
TX001586,AC00254,AC00434,16591,USD,2023-03-15T17:40:16-05:00,COMPLETADA,OK
TX001587,AC00241,AC00089,21136,USD,2023-09-14T00:00:00-05:00,COMPLETADA,OK
TX001589,AC00132,AC00472,2324,USD,2023-04-13T16:41:00-05:00,COMPLETADA,OK
TX001590,AC00035,AC00045,7088,USD,2023-12-04T16:18:39-05:00,COMPLETADA,OK
TX001591,AC00172,AC00161,114367,USD,2023-10-30T16:18:48-05:00,COMPLETADA,OK
TX001592,AC00016,AC00158,31452,USD,2023-03-20T17:21:43-05:00,COMPLETADA,OK
TX001593,AC00382,AC00192,18181,USD,2023-05-29T16:09:00-05:00,COMPLETADA,OK
TX001594,AC00413,AC00262,85464,USD,2023-11-07T00:00:00-05:00,COMPLETADA,OK
TX001595,AC00297,AC00307,26119,USD,2023-01-12T00:00:00-05:00,COMPLETADA,OK
TX001596,AC00207,AC00197,22068,USD,2023-10-09T18:23:25-05:00,COMPLETADA,OK
TX001597,AC00411,AC00250,1186,USD,2023-09-05T16:43:36-05:00,COMPLETADA,OK
TX001598,AC00105,AC00357,12265,USD,2023-08-17T16:26:57-05:00,COMPLETADA,OK
TX001599,AC00002,AC00478,39516,USD,2023-07-24T16:14:00-05:00,COMPLETADA,OK
TX001600,AC00410,AC00285,70469,USD,2023-07-18T17:22:49-05:00,COMPLETADA,OK
TX001601,AC00492,AC00148,36989,USD,2023-10-18T16:44:36-05:00,COMPLETADA,OK
TX001602,AC00095,AC00163,1092,USD,2023-10-20T17:48:44-05:00,COMPLETADA,OK
TX001603,AC00058,AC00319,19914,USD,2023-08-02T17:32:29-05:00,COMPLETADA,OK
TX001605,AC00258,AC00249,30415,USD,2023-11-28T16:09:34-05:00,RECHAZADA,Fondos insuficientes
TX001606,AC00257,AC00419,62054,USD,2023-03-27T00:00:00-05:00,COMPLETADA,OK
TX001607,AC00317,AC00288,75779,USD,2023-01-02T16:30:09-05:00,COMPLETADA,OK
TX001608,AC00409,AC00254,12281,USD,2023-10-24T16:12:00-05:00,COMPLETADA,OK
TX001609,AC00337,AC00252,9625,USD,2023-07-27T16:01:41-05:00,COMPLETADA,OK
TX001610,AC00273,AC00432,143133,USD,2023-01-17T17:50:51-05:00,RECHAZADA,Fondos insuficientes
TX001613,AC00102,AC00114,2486,USD,2023-02-13T00:00:00-05:00,COMPLETADA,OK
TX001614,AC00165,AC00141,10308,USD,2023-11-14T16:09:22-05:00,COMPLETADA,OK
TX001615,AC00455,AC00148,11627,USD,2023-11-28T18:04:26-05:00,COMPLETADA,OK
TX001616,AC00030,AC00236,36384,USD,2023-10-19T00:00:00-05:00,COMPLETADA,OK
TX001617,AC00114,AC00397,3474,USD,2023-04-28T00:00:00-05:00,COMPLETADA,OK
TX001618,AC00331,AC00282,6401,USD,2023-10-30T18:14:00-05:00,COMPLETADA,OK
TX001619,AC00305,AC00294,10875,USD,2023-10-17T00:00:00-05:00,RECHAZADA,Fondos insuficientes
TX001620,AC00015,AC00398,5090,USD,2023-04-24T16:14:34-05:00,COMPLETADA,OK
TX001622,AC00063,AC00389,3740,USD,2023-08-01T00:00:00-05:00,COMPLETADA,OK
TX001624,AC00130,AC00112,19937,USD,2023-06-29T00:00:00-05:00,COMPLETADA,OK
TX001625,AC00324,AC00053,41049,USD,2023-07-25T16:47:16-05:00,COMPLETADA,OK
TX001626,AC00220,AC00336,136001,USD,2023-09-25T00:00:00-05:00,COMPLETADA,OK
TX001627,AC00257,AC00153,1823,USD,2023-03-22T00:00:00-05:00,RECHAZADA,Fondos insuficientes
TX001628,AC00141,AC00017,39870,USD,2023-08-28T16:02:11-05:00,COMPLETADA,OK
TX001629,AC00422,AC00179,12214,USD,2023-02-20T16:20:28-05:00,RECHAZADA,Fondos insuficientes
TX001631,AC00175,AC00061,12474,USD,2023-11-27T00:00:00-05:00,COMPLETADA,OK
TX001632,AC00380,AC00122,1710,USD,2023-12-25T16:56:06-05:00,COMPLETADA,OK
TX001633,AC00118,AC00379,28705,USD,2023-04-14T16:00:51-05:00,COMPLETADA,OK
TX001634,AC00196,AC00180,87472,USD,2023-03-03T00:00:00-05:00,COMPLETADA,OK
TX001635,AC00358,AC00313,176228,USD,2023-10-06T16:05:34-05:00,COMPLETADA,OK
TX001636,AC00465,AC00085,4012,USD,2023-04-19T17:03:00-05:00,COMPLETADA,OK
TX001637,AC00126,AC00403,12500,USD,2023-06-05T16:19:55-05:00,COMPLETADA,OK
TX001638,AC00041,AC00107,34844,USD,2023-11-06T17:58:34-05:00,COMPLETADA,OK
TX001639,AC00403,AC00292,12840,USD,2023-03-20T17:17:27-05:00,COMPLETADA,OK
TX001641,AC00261,AC00087,141,USD,2023-06-07T17:02:33-05:00,COMPLETADA,OK
TX001642,AC00480,AC00361,5052,USD,2023-04-06T16:03:00-05:00,COMPLETADA,OK
TX001643,AC00291,AC00295,38395,USD,2023-09-20T17:57:15-05:00,COMPLETADA,OK
TX001644,AC00154,AC00441,1294,USD,2023-08-28T00:00:00-05:00,COMPLETADA,OK
TX001645,AC00106,AC00462,32975,USD,2023-12-25T17:31:53-05:00,COMPLETADA,OK
TX001646,AC00378,AC00049,98176,USD,2023-09-25T16:23:00-05:00,COMPLETADA,OK
TX001647,AC00303,AC00386,4079,USD,2023-11-17T16:40:00-05:00,COMPLETADA,OK
TX001648,AC00004,AC00472,9925,USD,2023-06-26T16:53:58-05:00,COMPLETADA,OK
TX001650,AC00434,AC00065,2950,USD,2023-07-20T00:00:00-05:00,RECHAZADA,Fondos insuficientes
TX001651,AC00438,AC00068,5434,USD,2023-12-25T00:00:00-05:00,COMPLETADA,OK
TX001652,AC00279,AC00366,1825,USD,2023-08-16T00:00:00-05:00,COMPLETADA,OK
TX001653,AC00458,AC00127,63387,USD,2023-12-08T16:06:00-05:00,COMPLETADA,OK
TX001654,AC00166,AC00348,8115,USD,2023-02-17T16:28:12-05:00,RECHAZADA,Fondos insuficientes
TX001655,AC00129,AC00073,8395,USD,2023-06-14T16:16:25-05:00,COMPLETADA,OK
TX001657,AC00185,AC00194,17268,USD,2023-02-20T00:00:00-05:00,COMPLETADA,OK
TX001658,AC00498,AC00325,13988,USD,2023-01-23T16:05:00-05:00,COMPLETADA,OK
TX001659,AC00171,AC00395,16555,USD,2023-10-02T18:21:39-05:00,COMPLETADA,OK
TX001660,AC00456,AC00264,5379,USD,2023-12-05T16:01:00-05:00,COMPLETADA,OK
TX001661,AC00459,AC00356,28569,USD,2023-12-06T00:00:00-05:00,RECHAZADA,Fondos insuficientes
TX001662,AC00090,AC00190,53240,USD,2023-08-24T16:46:00-05:00,COMPLETADA,OK
TX001663,AC00289,AC00250,29385,USD,2023-08-10T16:23:00-05:00,COMPLETADA,OK
TX001664,AC00063,AC00002,2794,USD,2023-11-03T18:44:38-05:00,COMPLETADA,OK
TX001665,AC00394,AC00435,27036,USD,2023-03-03T16:57:11-05:00,COMPLETADA,OK
TX001666,AC00241,AC00376,11266,USD,2023-09-18T16:28:00-05:00,COMPLETADA,OK
TX001667,AC00296,AC00327,50603,USD,2023-07-12T16:14:08-05:00,COMPLETADA,OK
TX001668,AC00495,AC00184,20695,USD,2023-08-03T16:19:00-05:00,COMPLETADA,OK
TX001669,AC00368,AC00409,35096,USD,2023-06-08T16:26:00-05:00,COMPLETADA,OK
TX001670,AC00017,AC00113,26163,USD,2023-05-29T18:27:00-05:00,COMPLETADA,OK
TX001671,AC00458,AC00423,4612,USD,2023-06-05T00:00:00-05:00,COMPLETADA,OK
TX001672,AC00335,AC00138,2725,USD,2023-03-20T16:02:51-05:00,COMPLETADA,OK
TX001673,AC00344,AC00146,135393,USD,2023-11-15T17:32:11-05:00,COMPLETADA,OK
TX001674,AC00002,AC00297,33166,USD,2023-09-11T17:52:59-05:00,COMPLETADA,OK
TX001675,AC00285,AC00438,66795,USD,2023-07-27T17:51:27-05:00,COMPLETADA,OK
TX001676,AC00091,AC00177,4984,USD,2023-10-13T16:05:00-05:00,COMPLETADA,OK
TX001677,AC00399,AC00391,55604,USD,2023-07-10T00:00:00-05:00,COMPLETADA,OK
TX001679,AC00322,AC00430,74595,USD,2023-12-15T16:38:43-05:00,COMPLETADA,OK
TX001680,AC00247,AC00064,6725,USD,2023-07-03T16:38:00-05:00,COMPLETADA,OK
TX001681,AC00332,AC00081,9363,USD,2023-08-21T00:00:00-05:00,COMPLETADA,OK
TX001682,AC00230,AC00001,7411,USD,2023-07-18T16:05:00-05:00,COMPLETADA,OK
TX001683,AC00019,AC00221,4113,USD,2023-03-27T17:53:00-05:00,COMPLETADA,OK
TX001684,AC00446,AC00353,19202,USD,2023-12-19T16:11:38-05:00,COMPLETADA,OK
TX001685,AC00219,AC00453,29127,USD,2023-06-19T17:58:00-05:00,RECHAZADA,Fondos insuficientes
TX001686,AC00050,AC00083,29646,USD,2023-11-09T00:00:00-05:00,RECHAZADA,Fondos insuficientes
TX001687,AC00449,AC00450,34184,USD,2023-06-23T16:10:00-05:00,COMPLETADA,OK
TX001688,AC00426,AC00336,9841,USD,2023-06-12T17:09:00-05:00,RECHAZADA,Fondos insuficientes
TX001689,AC00354,AC00043,10928,USD,2023-06-09T16:20:12-05:00,RECHAZADA,Fondos insuficientes
TX001690,AC00313,AC00464,2751,USD,2023-09-20T18:16:03-05:00,COMPLETADA,OK
TX001692,AC00318,AC00157,20771,USD,2023-11-16T00:00:00-05:00,COMPLETADA,OK
TX001693,AC00232,AC00388,2577,USD,2023-07-17T17:15:21-05:00,COMPLETADA,OK
TX001694,AC00424,AC00336,12757,USD,2023-02-27T00:00:00-05:00,COMPLETADA,OK
TX001695,AC00393,AC00049,39205,USD,2023-06-19T00:00:00-05:00,COMPLETADA,OK
TX001697,AC00108,AC00305,84976,USD,2023-08-16T16:28:00-05:00,COMPLETADA,OK
TX001699,AC00356,AC00005,26544,USD,2023-01-17T16:41:18-05:00,COMPLETADA,OK
TX001700,AC00244,AC00420,15234,USD,2023-10-12T17:10:20-05:00,COMPLETADA,OK
TX001701,AC00244,AC00442,2113,USD,2023-04-25T16:11:22-05:00,COMPLETADA,OK
TX001702,AC00411,AC00068,11155,USD,2023-12-28T00:00:00-05:00,COMPLETADA,OK
TX001703,AC00294,AC00118,32182,USD,2023-07-14T00:00:00-05:00,COMPLETADA,OK
TX001704,AC00205,AC00376,129481,USD,2023-12-11T16:53:08-05:00,COMPLETADA,OK
TX001705,AC00155,AC00053,14877,USD,2023-03-30T18:20:58-05:00,COMPLETADA,OK
TX001707,AC00048,AC00197,128397,USD,2023-08-09T00:00:00-05:00,COMPLETADA,OK
TX001708,AC00366,AC00387,56633,USD,2023-08-07T16:39:52-05:00,COMPLETADA,OK
TX001709,AC00185,AC00330,20651,USD,2023-12-18T17:09:00-05:00,COMPLETADA,OK
TX001710,AC00215,AC00074,18094,USD,2023-07-24T16:41:00-05:00,COMPLETADA,OK
TX001713,AC00390,AC00180,58330,USD,2023-02-03T16:30:45-05:00,COMPLETADA,OK
TX001714,AC00320,AC00323,10068,USD,2023-01-12T16:44:00-05:00,COMPLETADA,OK
TX001715,AC00020,AC00472,58964,USD,2023-09-21T16:05:38-05:00,COMPLETADA,OK
TX001716,AC00500,AC00352,22593,USD,2023-03-13T17:57:47-05:00,COMPLETADA,OK
TX001717,AC00289,AC00112,65155,USD,2023-03-10T17:34:34-05:00,COMPLETADA,OK
TX001718,AC00121,AC00052,8097,USD,2023-01-09T00:00:00-05:00,RECHAZADA,Fondos insuficientes
TX001719,AC00023,AC00065,19189,USD,2023-06-27T16:37:04-05:00,COMPLETADA,OK
TX001720,AC00490,AC00197,30475,USD,2023-02-27T16:07:00-05:00,COMPLETADA,OK
TX001721,AC00197,AC00221,20153,USD,2023-11-06T16:31:43-05:00,COMPLETADA,OK
TX001722,AC00494,AC00072,845,USD,2023-02-10T17:45:34-05:00,RECHAZADA,Fondos insuficientes
TX001723,AC00193,AC00332,43598,USD,2023-10-12T16:29:09-05:00,COMPLETADA,OK
TX001724,AC00451,AC00284,74324,USD,2023-07-07T17:31:07-05:00,COMPLETADA,OK
TX001725,AC00261,AC00371,1627,USD,2023-02-13T00:00:00-05:00,COMPLETADA,OK
TX001726,AC00246,AC00400,29086,USD,2023-06-05T17:45:07-05:00,RECHAZADA,Fondos insuficientes
TX001727,AC00120,AC00014,8573,USD,2023-03-01T16:09:58-05:00,COMPLETADA,OK
TX001728,AC00189,AC00339,55571,USD,2023-01-23T17:35:00-05:00,COMPLETADA,OK
TX001729,AC00499,AC00106,4003,USD,2023-01-09T00:00:00-05:00,COMPLETADA,OK
TX001730,AC00287,AC00261,7301,USD,2023-10-18T18:26:25-05:00,COMPLETADA,OK
TX001731,AC00087,AC00202,34612,USD,2023-12-29T17:55:00-05:00,COMPLETADA,OK
TX001732,AC00333,AC00028,193,USD,2023-10-19T18:06:08-05:00,COMPLETADA,OK
TX001733,AC00423,AC00407,25293,USD,2023-02-06T16:05:08-05:00,COMPLETADA,OK
TX001735,AC00099,AC00125,101122,USD,2023-08-21T18:51:11-05:00,COMPLETADA,OK
TX001736,AC00387,AC00305,5870,USD,2023-03-03T00:00:00-05:00,COMPLETADA,OK
TX001737,AC00010,AC00457,756,USD,2023-02-06T16:38:00-05:00,RECHAZADA,Fondos insuficientes
TX001738,AC00087,AC00186,54040,USD,2023-02-22T16:42:17-05:00,COMPLETADA,OK
TX001739,AC00294,AC00068,26414,USD,2023-07-28T17:36:00-05:00,COMPLETADA,OK
TX001740,AC00408,AC00431,24815,USD,2023-06-15T16:41:00-05:00,COMPLETADA,OK
TX001742,AC00304,AC00089,42861,USD,2023-01-09T16:12:00-05:00,COMPLETADA,OK
TX001743,AC00053,AC00490,11766,USD,2023-08-03T00:00:00-05:00,COMPLETADA,OK
TX001744,AC00432,AC00038,16580,USD,2023-05-04T00:00:00-05:00,COMPLETADA,OK
TX001748,AC00305,AC00204,50690,USD,2023-11-01T17:44:46-05:00,COMPLETADA,OK
TX001749,AC00142,AC00323,50412,USD,2023-04-14T17:35:50-05:00,COMPLETADA,OK
TX001750,AC00356,AC00394,4209,USD,2023-01-20T18:31:25-05:00,COMPLETADA,OK
TX001751,AC00155,AC00361,60728,USD,2023-01-23T16:47:11-05:00,COMPLETADA,OK
TX001752,AC00265,AC00329,9190,USD,2023-05-15T16:19:03-05:00,COMPLETADA,OK
TX001753,AC00122,AC00317,30343,USD,2023-06-06T17:32:00-05:00,COMPLETADA,OK
TX001754,AC00426,AC00043,66878,USD,2023-10-23T17:25:00-05:00,COMPLETADA,OK
TX001755,AC00111,AC00263,27054,USD,2023-04-03T18:22:02-05:00,COMPLETADA,OK
TX001756,AC00405,AC00500,24793,USD,2023-08-14T00:00:00-05:00,COMPLETADA,OK
TX001757,AC00128,AC00276,3467,USD,2023-04-25T16:34:00-05:00,COMPLETADA,OK
TX001758,AC00050,AC00302,32603,USD,2023-05-09T16:54:49-05:00,COMPLETADA,OK
TX001759,AC00141,AC00429,14826,USD,2023-05-08T17:33:00-05:00,RECHAZADA,Fondos insuficientes
TX001760,AC00010,AC00331,108660,USD,2023-05-22T17:40:46-05:00,RECHAZADA,Fondos insuficientes
TX001762,AC00302,AC00490,25434,USD,2023-09-14T00:00:00-05:00,COMPLETADA,OK
TX001763,AC00124,AC00030,81948,USD,2023-10-05T16:27:27-05:00,COMPLETADA,OK
TX001764,AC00464,AC00475,1400,USD,2023-09-06T16:24:00-05:00,COMPLETADA,OK
TX001765,AC00473,AC00233,5716,USD,2023-06-15T18:45:00-05:00,COMPLETADA,OK
TX001766,AC00486,AC00029,28226,USD,2023-06-26T00:00:00-05:00,COMPLETADA,OK
TX001767,AC00348,AC00381,4696,USD,2023-06-30T16:44:00-05:00,COMPLETADA,OK
TX001768,AC00398,AC00090,47320,USD,2023-08-07T16:02:07-05:00,COMPLETADA,OK
TX001769,AC00267,AC00364,19297,USD,2023-03-13T16:10:01-05:00,COMPLETADA,OK
TX001770,AC00076,AC00006,16899,USD,2023-05-01T18:38:15-05:00,COMPLETADA,OK
TX001771,AC00022,AC00489,182,USD,2023-04-13T00:00:00-05:00,COMPLETADA,OK
TX001772,AC00181,AC00266,4090,USD,2023-06-01T00:00:00-05:00,COMPLETADA,OK
TX001773,AC00071,AC00371,7891,USD,2023-03-01T17:07:06-05:00,COMPLETADA,OK
TX001774,AC00369,AC00191,16997,USD,2023-12-07T17:33:16-05:00,COMPLETADA,OK
TX001775,AC00358,AC00401,1779,USD,2023-02-22T17:01:35-05:00,COMPLETADA,OK
TX001776,AC00021,AC00377,48661,USD,2023-11-28T16:17:29-05:00,COMPLETADA,OK
TX001777,AC00156,AC00396,14813,USD,2023-03-17T16:34:00-05:00,COMPLETADA,OK
TX001778,AC00212,AC00172,16452,USD,2023-12-25T16:11:00-05:00,COMPLETADA,OK
TX001779,AC00327,AC00140,72089,USD,2023-12-18T17:10:00-05:00,COMPLETADA,OK
TX001780,AC00349,AC00135,26870,USD,2023-10-03T16:16:01-05:00,RECHAZADA,Fondos insuficientes
TX001781,AC00183,AC00297,63734,USD,2023-09-01T00:00:00-05:00,COMPLETADA,OK
TX001782,AC00478,AC00255,21676,USD,2023-11-09T00:00:00-05:00,COMPLETADA,OK
TX001783,AC00398,AC00185,41802,USD,2023-06-06T17:56:00-05:00,COMPLETADA,OK
TX001785,AC00030,AC00190,25140,USD,2023-07-05T16:52:09-05:00,COMPLETADA,OK
TX001786,AC00341,AC00397,18456,USD,2023-11-30T16:07:36-05:00,RECHAZADA,Fondos insuficientes
TX001787,AC00162,AC00295,3376,USD,2023-01-16T00:00:00-05:00,COMPLETADA,OK
TX001788,AC00319,AC00060,25346,USD,2023-05-22T00:00:00-05:00,COMPLETADA,OK
TX001789,AC00338,AC00261,161237,USD,2023-07-24T17:46:00-05:00,COMPLETADA,OK
TX001791,AC00451,AC00126,4256,USD,2023-07-31T16:25:00-05:00,RECHAZADA,Fondos insuficientes
TX001793,AC00263,AC00077,5383,USD,2023-05-31T17:21:07-05:00,COMPLETADA,OK
TX001794,AC00432,AC00493,1109,USD,2023-10-31T16:54:40-05:00,COMPLETADA,OK
TX001795,AC00274,AC00285,3781,USD,2023-07-24T16:44:34-05:00,RECHAZADA,Fondos insuficientes
TX001796,AC00103,AC00367,44918,USD,2023-12-25T17:01:44-05:00,COMPLETADA,OK
TX001797,AC00146,AC00216,113580,USD,2023-09-06T16:03:15-05:00,COMPLETADA,OK
TX001798,AC00359,AC00128,29760,USD,2023-10-03T16:48:49-05:00,COMPLETADA,OK
TX001799,AC00164,AC00370,68375,USD,2023-02-20T18:56:31-05:00,COMPLETADA,OK
TX001800,AC00079,AC00424,2140,USD,2023-02-13T16:14:00-05:00,COMPLETADA,OK
TX001801,AC00209,AC00191,31594,USD,2023-09-29T18:23:00-05:00,RECHAZADA,Fondos insuficientes
TX001802,AC00018,AC00346,33132,USD,2023-06-05T17:24:29-05:00,COMPLETADA,OK
TX001804,AC00179,AC00266,21603,USD,2023-10-27T18:28:05-05:00,COMPLETADA,OK
TX001805,AC00274,AC00490,1742,USD,2023-11-08T17:24:54-05:00,COMPLETADA,OK
TX001806,AC00354,AC00451,49191,USD,2023-01-09T00:00:00-05:00,COMPLETADA,OK
TX001807,AC00025,AC00146,35011,USD,2023-03-13T17:10:34-05:00,COMPLETADA,OK
TX001808,AC00493,AC00160,21807,USD,2023-11-06T00:00:00-05:00,COMPLETADA,OK
TX001809,AC00339,AC00284,29109,USD,2023-11-20T18:53:00-05:00,COMPLETADA,OK
TX001810,AC00454,AC00189,42214,USD,2023-11-17T17:31:00-05:00,COMPLETADA,OK
TX001811,AC00152,AC00290,61321,USD,2023-03-15T17:45:31-05:00,COMPLETADA,OK
TX001812,AC00314,AC00380,7383,USD,2023-01-05T18:29:09-05:00,COMPLETADA,OK
TX001814,AC00036,AC00499,2692,USD,2023-05-18T00:00:00-05:00,COMPLETADA,OK
TX001815,AC00397,AC00396,1830,USD,2023-02-13T16:21:00-05:00,RECHAZADA,Fondos insuficientes
TX001816,AC00355,AC00377,31794,USD,2023-01-25T17:46:00-05:00,COMPLETADA,OK
TX001817,AC00188,AC00391,17938,USD,2023-03-13T17:16:57-05:00,RECHAZADA,Fondos insuficientes
TX001818,AC00222,AC00078,91895,USD,2023-05-01T16:43:40-05:00,COMPLETADA,OK
TX001821,AC00021,AC00431,26359,USD,2023-01-23T16:03:00-05:00,COMPLETADA,OK
TX001822,AC00102,AC00005,5480,USD,2023-06-01T16:15:49-05:00,COMPLETADA,OK
TX001823,AC00367,AC00001,14149,USD,2023-09-20T16:57:04-05:00,COMPLETADA,OK
TX001824,AC00137,AC00194,3139,USD,2023-01-09T17:09:31-05:00,COMPLETADA,OK
TX001825,AC00289,AC00374,9382,USD,2023-06-26T00:00:00-05:00,COMPLETADA,OK
TX001826,AC00458,AC00106,571,USD,2023-12-01T17:35:00-05:00,COMPLETADA,OK
TX001827,AC00493,AC00122,17839,USD,2023-08-15T18:22:03-05:00,COMPLETADA,OK
TX001828,AC00059,AC00494,12691,USD,2023-08-23T16:04:00-05:00,COMPLETADA,OK
TX001830,AC00020,AC00049,9177,USD,2023-03-15T17:39:11-05:00,COMPLETADA,OK
TX001832,AC00402,AC00267,13781,USD,2023-10-26T16:52:14-05:00,COMPLETADA,OK
TX001833,AC00385,AC00460,13688,USD,2023-07-18T17:41:00-05:00,COMPLETADA,OK
TX001834,AC00167,AC00500,13307,USD,2023-09-13T16:22:48-05:00,COMPLETADA,OK
TX001835,AC00349,AC00298,114,USD,2023-10-23T16:15:08-05:00,COMPLETADA,OK
TX001836,AC00153,AC00069,25634,USD,2023-08-21T16:42:02-05:00,COMPLETADA,OK
TX001837,AC00197,AC00203,5611,USD,2023-03-27T17:25:28-05:00,COMPLETADA,OK
TX001838,AC00219,AC00292,11810,USD,2023-09-25T16:07:00-05:00,COMPLETADA,OK
TX001840,AC00035,AC00123,81378,USD,2023-08-07T00:00:00-05:00,COMPLETADA,OK
TX001841,AC00003,AC00437,23797,USD,2023-01-09T17:26:46-05:00,COMPLETADA,OK
TX001842,AC00136,AC00412,68496,USD,2023-01-09T16:19:00-05:00,RECHAZADA,Fondos insuficientes
TX001843,AC00337,AC00427,87863,USD,2023-04-06T16:59:00-05:00,RECHAZADA,Fondos insuficientes
TX001844,AC00265,AC00163,27656,USD,2023-04-10T17:26:14-05:00,COMPLETADA,OK
TX001845,AC00356,AC00120,875,USD,2023-06-15T16:10:51-05:00,COMPLETADA,OK
TX001846,AC00305,AC00104,63748,USD,2023-09-18T16:27:52-05:00,COMPLETADA,OK
TX001847,AC00300,AC00396,10315,USD,2023-08-30T17:56:47-05:00,COMPLETADA,OK
TX001848,AC00301,AC00080,50560,USD,2023-02-14T17:56:46-05:00,COMPLETADA,OK
TX001851,AC00004,AC00185,1316,USD,2023-05-01T00:00:00-05:00,COMPLETADA,OK
TX001852,AC00237,AC00107,16792,USD,2023-06-26T00:00:00-05:00,COMPLETADA,OK
TX001853,AC00304,AC00238,7301,USD,2023-05-09T17:02:28-05:00,COMPLETADA,OK
TX001854,AC00086,AC00062,20150,USD,2023-07-14T18:11:41-05:00,COMPLETADA,OK
TX001855,AC00483,AC00414,15030,USD,2023-08-07T17:25:00-05:00,COMPLETADA,OK
TX001856,AC00288,AC00425,2370,USD,2023-10-26T17:51:32-05:00,COMPLETADA,OK
TX001857,AC00134,AC00310,4959,USD,2023-08-25T00:00:00-05:00,COMPLETADA,OK
TX001859,AC00393,AC00076,13492,USD,2023-10-31T00:00:00-05:00,COMPLETADA,OK
TX001860,AC00029,AC00129,11697,USD,2023-07-12T16:52:54-05:00,RECHAZADA,Fondos insuficientes
TX001861,AC00228,AC00203,1106,USD,2023-11-01T00:00:00-05:00,COMPLETADA,OK
TX001862,AC00131,AC00348,8829,USD,2023-01-20T16:46:06-05:00,COMPLETADA,OK
TX001863,AC00233,AC00421,581,USD,2023-06-23T17:36:28-05:00,COMPLETADA,OK
TX001864,AC00017,AC00016,10348,USD,2023-01-30T16:04:17-05:00,COMPLETADA,OK
TX001865,AC00071,AC00439,15674,USD,2023-02-24T18:22:00-05:00,COMPLETADA,OK
TX001866,AC00128,AC00385,50514,USD,2023-01-03T17:33:54-05:00,RECHAZADA,Fondos insuficientes
TX001867,AC00073,AC00049,3106,USD,2023-11-20T16:59:13-05:00,COMPLETADA,OK
TX001868,AC00353,AC00413,761,USD,2023-09-21T18:13:38-05:00,COMPLETADA,OK
TX001869,AC00209,AC00063,27616,USD,2023-02-13T16:14:00-05:00,COMPLETADA,OK
TX001871,AC00439,AC00114,36944,USD,2023-11-20T17:11:00-05:00,COMPLETADA,OK
TX001872,AC00063,AC00423,55886,USD,2023-03-15T17:27:37-05:00,COMPLETADA,OK
TX001873,AC00203,AC00353,42915,USD,2023-03-09T16:21:09-05:00,COMPLETADA,OK
TX001874,AC00394,AC00331,3674,USD,2023-02-06T00:00:00-05:00,RECHAZADA,Fondos insuficientes
TX001875,AC00258,AC00302,7914,USD,2023-04-12T00:00:00-05:00,COMPLETADA,OK
TX001876,AC00144,AC00418,13248,USD,2023-08-09T18:38:49-05:00,COMPLETADA,OK
TX001877,AC00169,AC00034,13648,USD,2023-08-14T16:46:26-05:00,COMPLETADA,OK
TX001878,AC00285,AC00332,20376,USD,2023-10-02T16:33:09-05:00,COMPLETADA,OK
TX001879,AC00047,AC00067,75095,USD,2023-09-08T18:16:00-05:00,COMPLETADA,OK
TX001880,AC00460,AC00434,84,USD,2024-01-01T16:45:56-05:00,RECHAZADA,Fondos insuficientes
TX001881,AC00073,AC00171,25718,USD,2023-07-10T17:00:03-05:00,COMPLETADA,OK
TX001883,AC00320,AC00087,18229,USD,2023-05-10T16:55:00-05:00,COMPLETADA,OK
TX001884,AC00462,AC00222,18451,USD,2023-09-04T00:00:00-05:00,COMPLETADA,OK
TX001885,AC00071,AC00204,45131,USD,2023-12-04T00:00:00-05:00,COMPLETADA,OK
TX001886,AC00363,AC00196,14410,USD,2023-07-07T17:24:00-05:00,RECHAZADA,Fondos insuficientes
TX001887,AC00448,AC00089,7250,USD,2023-04-10T17:48:18-05:00,COMPLETADA,OK
TX001888,AC00206,AC00467,7411,USD,2023-09-08T16:09:45-05:00,COMPLETADA,OK
TX001889,AC00181,AC00144,2215,USD,2023-05-03T00:00:00-05:00,COMPLETADA,OK
TX001890,AC00213,AC00077,77792,USD,2023-06-12T18:56:58-05:00,COMPLETADA,OK
TX001892,AC00451,AC00332,40633,USD,2023-10-02T16:41:51-05:00,RECHAZADA,Fondos insuficientes
TX001893,AC00192,AC00212,76741,USD,2023-09-07T00:00:00-05:00,COMPLETADA,OK
TX001894,AC00378,AC00246,458,USD,2023-10-19T16:13:30-05:00,COMPLETADA,OK
TX001896,AC00499,AC00215,4967,USD,2023-02-20T18:48:00-05:00,COMPLETADA,OK
TX001897,AC00168,AC00454,7783,USD,2023-12-27T16:40:01-05:00,COMPLETADA,OK
TX001898,AC00085,AC00129,70287,USD,2023-06-07T17:06:21-05:00,COMPLETADA,OK
TX001899,AC00144,AC00412,13356,USD,2023-01-24T18:43:00-05:00,COMPLETADA,OK
TX001900,AC00185,AC00010,86805,USD,2023-01-12T16:35:36-05:00,COMPLETADA,OK
TX001901,AC00338,AC00402,5287,USD,2023-03-31T17:25:00-05:00,COMPLETADA,OK
TX001902,AC00384,AC00246,17900,USD,2023-09-06T16:01:35-05:00,COMPLETADA,OK
TX001903,AC00336,AC00249,116826,USD,2023-06-12T16:25:21-05:00,COMPLETADA,OK
TX001904,AC00003,AC00291,38411,USD,2023-05-15T16:35:00-05:00,COMPLETADA,OK
TX001905,AC00378,AC00199,22761,USD,2023-08-07T16:16:26-05:00,COMPLETADA,OK
TX001906,AC00217,AC00014,4083,USD,2023-08-16T16:40:51-05:00,COMPLETADA,OK
TX001907,AC00280,AC00113,1976,USD,2023-03-31T17:50:09-05:00,RECHAZADA,Fondos insuficientes
TX001909,AC00456,AC00030,49466,USD,2023-06-19T16:59:35-05:00,COMPLETADA,OK
TX001910,AC00151,AC00243,30147,USD,2023-01-26T16:13:15-05:00,RECHAZADA,Fondos insuficientes
TX001911,AC00366,AC00394,19909,USD,2023-05-19T16:54:16-05:00,COMPLETADA,OK
TX001912,AC00383,AC00120,3895,USD,2023-10-18T16:44:17-05:00,COMPLETADA,OK
TX001913,AC00076,AC00052,51594,USD,2023-12-22T16:42:33-05:00,COMPLETADA,OK
TX001914,AC00290,AC00124,4193,USD,2023-02-13T00:00:00-05:00,COMPLETADA,OK
TX001915,AC00347,AC00419,13784,USD,2023-11-13T00:00:00-05:00,COMPLETADA,OK
TX001916,AC00034,AC00379,9535,USD,2023-07-26T16:27:00-05:00,COMPLETADA,OK
TX001918,AC00382,AC00435,142771,USD,2023-01-24T00:00:00-05:00,COMPLETADA,OK
TX001919,AC00463,AC00199,7933,USD,2023-12-06T16:10:00-05:00,COMPLETADA,OK
TX001920,AC00030,AC00431,7689,USD,2023-05-10T00:00:00-05:00,COMPLETADA,OK
TX001921,AC00431,AC00089,23371,USD,2023-03-13T17:30:20-05:00,COMPLETADA,OK
TX001922,AC00243,AC00305,1492,USD,2023-05-22T16:51:00-05:00,COMPLETADA,OK
TX001923,AC00499,AC00378,24217,USD,2023-06-08T00:00:00-05:00,COMPLETADA,OK
TX001924,AC00065,AC00469,12298,USD,2023-07-24T16:15:58-05:00,COMPLETADA,OK
TX001925,AC00492,AC00361,12935,USD,2023-08-28T16:31:48-05:00,COMPLETADA,OK
TX001926,AC00062,AC00487,13833,USD,2023-07-07T17:58:29-05:00,COMPLETADA,OK
TX001927,AC00026,AC00074,3931,USD,2023-10-30T17:24:55-05:00,COMPLETADA,OK
TX001928,AC00201,AC00097,9185,USD,2023-10-16T16:50:31-05:00,COMPLETADA,OK
TX001929,AC00377,AC00416,27770,USD,2023-06-22T00:00:00-05:00,COMPLETADA,OK
TX001930,AC00269,AC00253,11403,USD,2023-11-24T16:30:21-05:00,RECHAZADA,Fondos insuficientes
TX001931,AC00239,AC00090,30263,USD,2023-02-28T17:24:26-05:00,COMPLETADA,OK
TX001932,AC00070,AC00047,3119,USD,2023-04-25T16:23:59-05:00,COMPLETADA,OK
TX001934,AC00337,AC00270,74226,USD,2023-06-20T00:00:00-05:00,COMPLETADA,OK
TX001935,AC00051,AC00171,25680,USD,2023-02-24T16:49:51-05:00,RECHAZADA,Fondos insuficientes
TX001936,AC00328,AC00104,37868,USD,2023-01-06T17:23:59-05:00,RECHAZADA,Fondos insuficientes
TX001937,AC00064,AC00176,57193,USD,2023-09-20T17:44:00-05:00,COMPLETADA,OK
TX001938,AC00231,AC00472,2631,USD,2023-08-11T16:38:16-05:00,COMPLETADA,OK
TX001939,AC00362,AC00446,20558,USD,2023-08-16T17:49:13-05:00,RECHAZADA,Fondos insuficientes
TX001940,AC00363,AC00012,53361,USD,2023-12-20T16:17:00-05:00,COMPLETADA,OK
TX001941,AC00196,AC00362,42862,USD,2023-06-05T16:02:00-05:00,RECHAZADA,Fondos insuficientes
TX001942,AC00360,AC00398,36122,USD,2023-04-17T17:58:55-05:00,COMPLETADA,OK
TX001943,AC00499,AC00270,83729,USD,2023-11-27T00:00:00-05:00,COMPLETADA,OK
TX001944,AC00213,AC00493,11725,USD,2023-04-03T16:35:30-05:00,COMPLETADA,OK
TX001945,AC00165,AC00362,13527,USD,2023-08-10T16:16:00-05:00,COMPLETADA,OK
TX001946,AC00299,AC00203,18510,USD,2023-08-08T00:00:00-05:00,COMPLETADA,OK
TX001947,AC00119,AC00174,11354,USD,2023-09-22T16:42:46-05:00,COMPLETADA,OK
TX001948,AC00409,AC00070,35496,USD,2023-11-29T16:27:38-05:00,RECHAZADA,Fondos insuficientes
TX001949,AC00100,AC00376,22422,USD,2023-01-23T18:45:00-05:00,COMPLETADA,OK
TX001950,AC00244,AC00407,73710,USD,2023-07-19T16:11:01-05:00,COMPLETADA,OK
TX001951,AC00382,AC00250,22322,USD,2023-07-17T16:20:27-05:00,COMPLETADA,OK
TX001953,AC00350,AC00288,149657,USD,2023-02-27T16:18:28-05:00,COMPLETADA,OK
TX001954,AC00275,AC00477,2744,USD,2023-11-06T17:23:43-05:00,COMPLETADA,OK
TX001955,AC00231,AC00183,31009,USD,2023-11-24T16:49:00-05:00,COMPLETADA,OK
TX001956,AC00449,AC00302,8038,USD,2023-03-06T16:25:00-05:00,COMPLETADA,OK
TX001957,AC00248,AC00194,2610,USD,2023-12-01T17:45:05-05:00,COMPLETADA,OK
TX001958,AC00301,AC00354,84514,USD,2023-01-09T16:21:00-05:00,COMPLETADA,OK
TX001959,AC00023,AC00092,5973,USD,2023-05-22T00:00:00-05:00,COMPLETADA,OK
TX001960,AC00272,AC00487,75877,USD,2023-06-23T16:12:15-05:00,COMPLETADA,OK
TX001961,AC00377,AC00294,30151,USD,2023-02-24T16:33:00-05:00,COMPLETADA,OK
TX001962,AC00276,AC00396,41803,USD,2023-09-04T00:00:00-05:00,COMPLETADA,OK
TX001963,AC00427,AC00017,11806,USD,2023-05-24T17:07:57-05:00,COMPLETADA,OK
TX001964,AC00220,AC00163,48392,USD,2023-10-16T18:57:30-05:00,COMPLETADA,OK
TX001965,AC00370,AC00497,7893,USD,2023-02-17T16:41:00-05:00,COMPLETADA,OK
TX001966,AC00187,AC00329,3663,USD,2023-05-04T17:02:55-05:00,COMPLETADA,OK
TX001967,AC00293,AC00481,8785,USD,2023-12-13T17:25:54-05:00,COMPLETADA,OK
TX001968,AC00203,AC00170,100183,USD,2023-07-17T00:00:00-05:00,COMPLETADA,OK
TX001969,AC00016,AC00123,70534,USD,2023-09-12T00:00:00-05:00,COMPLETADA,OK
TX001970,AC00189,AC00164,14655,USD,2023-08-03T18:35:54-05:00,COMPLETADA,OK
TX001971,AC00005,AC00455,11689,USD,2023-11-20T16:31:15-05:00,COMPLETADA,OK
TX001972,AC00190,AC00422,10641,USD,2023-01-16T16:37:34-05:00,COMPLETADA,OK
TX001973,AC00480,AC00328,108790,USD,2023-03-27T18:06:17-05:00,COMPLETADA,OK
TX001975,AC00195,AC00136,58498,USD,2023-06-12T00:00:00-05:00,COMPLETADA,OK
TX001976,AC00260,AC00356,7921,USD,2023-11-24T17:52:00-05:00,COMPLETADA,OK
TX001978,AC00294,AC00370,33570,USD,2023-01-30T17:47:00-05:00,RECHAZADA,Fondos insuficientes
TX001980,AC00013,AC00216,42281,USD,2023-11-20T16:07:20-05:00,COMPLETADA,OK
TX001981,AC00386,AC00454,13543,USD,2023-10-06T00:00:00-05:00,COMPLETADA,OK
TX001982,AC00256,AC00453,58488,USD,2023-12-19T00:00:00-05:00,RECHAZADA,Fondos insuficientes
TX001983,AC00439,AC00280,30894,USD,2023-04-03T16:35:29-05:00,COMPLETADA,OK
TX001984,AC00088,AC00426,29593,USD,2023-02-20T17:26:39-05:00,COMPLETADA,OK
TX001985,AC00303,AC00444,151299,USD,2023-08-08T17:15:00-05:00,COMPLETADA,OK
TX001986,AC00245,AC00390,7744,USD,2023-06-26T16:28:59-05:00,RECHAZADA,Fondos insuficientes
TX001987,AC00188,AC00084,9250,USD,2023-09-25T16:22:10-05:00,COMPLETADA,OK
TX001988,AC00225,AC00411,9774,USD,2023-09-04T16:46:29-05:00,COMPLETADA,OK
TX001989,AC00278,AC00151,29168,USD,2023-08-07T18:07:57-05:00,COMPLETADA,OK
TX001991,AC00206,AC00038,43680,USD,2023-07-03T16:15:11-05:00,COMPLETADA,OK
TX001992,AC00329,AC00456,25949,USD,2023-06-09T16:31:56-05:00,COMPLETADA,OK
TX001993,AC00338,AC00376,72626,USD,2023-02-13T00:00:00-05:00,COMPLETADA,OK
TX001994,AC00409,AC00484,56868,USD,2023-04-25T00:00:00-05:00,COMPLETADA,OK
TX001995,AC00114,AC00048,7757,USD,2023-12-13T00:00:00-05:00,RECHAZADA,Fondos insuficientes
TX001996,AC00460,AC00315,99928,USD,2023-05-22T17:45:00-05:00,COMPLETADA,OK
TX001997,AC00373,AC00361,1416,USD,2023-01-09T00:00:00-05:00,COMPLETADA,OK
TX001999,AC00235,AC00312,6133,USD,2023-09-20T18:18:00-05:00,COMPLETADA,OK
TX002000,AC00261,AC00081,2764,USD,2023-06-09T17:14:26-05:00,COMPLETADA,OK
TX002002,AC00332,AC00098,43122,USD,2023-04-21T16:25:49-05:00,COMPLETADA,OK
TX002003,AC00245,AC00285,17855,USD,2023-12-15T16:16:00-05:00,COMPLETADA,OK
TX002004,AC00388,AC00374,24876,USD,2023-05-24T16:12:18-05:00,COMPLETADA,OK
TX002005,AC00008,AC00340,7616,USD,2023-11-21T16:45:29-05:00,COMPLETADA,OK
TX002006,AC00066,AC00123,34725,USD,2023-01-30T00:00:00-05:00,COMPLETADA,OK
TX002007,AC00227,AC00202,2804,USD,2023-02-15T16:37:00-05:00,COMPLETADA,OK
TX002008,AC00352,AC00432,32598,USD,2023-07-20T16:58:39-05:00,COMPLETADA,OK
TX002009,AC00481,AC00028,24956,USD,2023-11-20T16:05:05-05:00,COMPLETADA,OK
TX002010,AC00341,AC00219,1743,USD,2023-02-23T16:21:38-05:00,COMPLETADA,OK
TX002011,AC00065,AC00423,19801,USD,2023-04-24T00:00:00-05:00,COMPLETADA,OK
TX002012,AC00248,AC00309,58558,USD,2023-09-04T16:13:40-05:00,COMPLETADA,OK
TX002013,AC00177,AC00050,43467,USD,2023-12-05T18:33:02-05:00,COMPLETADA,OK
TX002015,AC00252,AC00042,33198,USD,2023-08-28T16:40:01-05:00,RECHAZADA,Fondos insuficientes
TX002016,AC00286,AC00060,19954,USD,2023-10-10T17:24:00-05:00,COMPLETADA,OK
TX002017,AC00001,AC00205,21297,USD,2023-11-14T00:00:00-05:00,COMPLETADA,OK
TX002018,AC00453,AC00460,27056,USD,2023-02-17T16:57:32-05:00,COMPLETADA,OK
TX002019,AC00291,AC00047,30637,USD,2023-06-27T18:26:08-05:00,COMPLETADA,OK
TX002020,AC00113,AC00200,64302,USD,2023-10-02T17:47:19-05:00,COMPLETADA,OK
TX002021,AC00390,AC00455,9848,USD,2023-02-16T17:14:41-05:00,COMPLETADA,OK
TX002022,AC00345,AC00096,88901,USD,2023-08-29T17:55:07-05:00,COMPLETADA,OK
TX002023,AC00011,AC00136,53786,USD,2023-09-19T16:44:21-05:00,COMPLETADA,OK
TX002024,AC00106,AC00136,24118,USD,2023-05-30T18:29:15-05:00,RECHAZADA,Fondos insuficientes
TX002025,AC00087,AC00139,13054,USD,2023-04-05T17:20:36-05:00,COMPLETADA,OK
TX002026,AC00441,AC00078,80029,USD,2023-12-04T16:25:27-05:00,RECHAZADA,Fondos insuficientes
TX002027,AC00069,AC00343,881,USD,2023-05-22T16:57:30-05:00,COMPLETADA,OK
TX002028,AC00020,AC00344,2852,USD,2023-06-02T16:54:12-05:00,COMPLETADA,OK
TX002029,AC00172,AC00279,43131,USD,2023-05-01T16:18:16-05:00,COMPLETADA,OK
TX002030,AC00237,AC00389,88533,USD,2023-08-22T18:41:50-05:00,COMPLETADA,OK
TX002031,AC00186,AC00285,19923,USD,2023-09-04T16:04:00-05:00,COMPLETADA,OK
TX002033,AC00438,AC00215,16606,USD,2023-07-14T16:06:00-05:00,COMPLETADA,OK
TX002034,AC00435,AC00352,35772,USD,2023-08-07T17:29:00-05:00,COMPLETADA,OK
TX002035,AC00472,AC00244,58837,USD,2023-01-05T17:48:29-05:00,COMPLETADA,OK
TX002036,AC00446,AC00121,7282,USD,2023-11-10T00:00:00-05:00,COMPLETADA,OK
TX002037,AC00427,AC00041,16236,USD,2023-11-22T16:10:32-05:00,COMPLETADA,OK
TX002038,AC00230,AC00439,58482,USD,2023-10-17T16:11:26-05:00,COMPLETADA,OK
TX002039,AC00172,AC00259,3815,USD,2023-10-06T16:37:00-05:00,COMPLETADA,OK
TX002040,AC00103,AC00266,47754,USD,2023-08-21T17:20:05-05:00,COMPLETADA,OK
TX002041,AC00467,AC00347,63957,USD,2023-12-18T16:25:18-05:00,COMPLETADA,OK
TX002042,AC00094,AC00076,5823,USD,2023-07-26T17:25:23-05:00,COMPLETADA,OK
TX002043,AC00231,AC00389,77621,USD,2023-02-22T17:15:20-05:00,COMPLETADA,OK
TX002044,AC00032,AC00487,24876,USD,2023-03-20T18:51:53-05:00,COMPLETADA,OK
TX002045,AC00241,AC00499,18861,USD,2024-01-01T17:16:23-05:00,COMPLETADA,OK
TX002046,AC00263,AC00099,67537,USD,2023-12-29T16:45:00-05:00,COMPLETADA,OK
TX002047,AC00012,AC00218,9482,USD,2023-03-21T16:36:30-05:00,COMPLETADA,OK
TX002048,AC00009,AC00351,42518,USD,2023-02-20T16:16:39-05:00,COMPLETADA,OK
TX002049,AC00041,AC00423,5028,USD,2023-02-02T16:20:00-05:00,COMPLETADA,OK
TX002050,AC00317,AC00429,86472,USD,2023-08-25T16:35:39-05:00,COMPLETADA,OK
TX002051,AC00475,AC00164,7068,USD,2023-11-22T17:01:00-05:00,COMPLETADA,OK
TX002052,AC00181,AC00470,26177,USD,2023-01-12T18:07:21-05:00,COMPLETADA,OK
TX002053,AC00120,AC00045,18322,USD,2023-10-05T18:40:15-05:00,COMPLETADA,OK
TX002054,AC00331,AC00204,5832,USD,2023-07-31T00:00:00-05:00,RECHAZADA,Fondos insuficientes
TX002055,AC00500,AC00439,15686,USD,2023-01-30T16:37:53-05:00,COMPLETADA,OK
TX002056,AC00292,AC00235,12067,USD,2023-12-25T00:00:00-05:00,COMPLETADA,OK
TX002057,AC00436,AC00007,30862,USD,2023-10-06T18:59:06-05:00,COMPLETADA,OK
TX002058,AC00476,AC00320,50681,USD,2023-12-20T16:17:24-05:00,COMPLETADA,OK
TX002059,AC00391,AC00402,32839,USD,2023-11-09T16:47:00-05:00,COMPLETADA,OK
TX002060,AC00267,AC00213,79630,USD,2023-03-22T16:03:01-05:00,COMPLETADA,OK
TX002061,AC00034,AC00292,7247,USD,2023-10-17T18:02:43-05:00,COMPLETADA,OK
TX002062,AC00425,AC00389,27960,USD,2023-05-31T16:28:06-05:00,COMPLETADA,OK
TX002063,AC00048,AC00053,30420,USD,2023-06-08T16:06:13-05:00,COMPLETADA,OK
TX002064,AC00110,AC00290,35138,USD,2023-06-26T00:00:00-05:00,COMPLETADA,OK
TX002065,AC00427,AC00403,8607,USD,2023-11-20T18:40:45-05:00,COMPLETADA,OK
TX002066,AC00483,AC00275,60450,USD,2023-08-08T18:39:24-05:00,RECHAZADA,Fondos insuficientes
TX002068,AC00179,AC00198,99463,USD,2023-06-21T00:00:00-05:00,COMPLETADA,OK
TX002069,AC00363,AC00293,1146,USD,2023-01-31T17:14:32-05:00,RECHAZADA,Fondos insuficientes
TX002070,AC00080,AC00020,6376,USD,2023-06-27T17:44:24-05:00,COMPLETADA,OK
TX002071,AC00158,AC00208,44683,USD,2023-06-26T18:51:31-05:00,COMPLETADA,OK
TX002072,AC00033,AC00313,6354,USD,2023-05-22T18:23:00-05:00,COMPLETADA,OK
TX002073,AC00492,AC00206,8111,USD,2023-10-16T18:07:00-05:00,COMPLETADA,OK
TX002075,AC00058,AC00355,17096,USD,2023-12-28T16:46:00-05:00,RECHAZADA,Fondos insuficientes
TX002076,AC00427,AC00382,4851,USD,2023-01-09T17:22:18-05:00,COMPLETADA,OK
TX002077,AC00236,AC00138,32503,USD,2023-01-11T00:00:00-05:00,RECHAZADA,Fondos insuficientes
TX002078,AC00144,AC00011,12583,USD,2023-05-29T00:00:00-05:00,COMPLETADA,OK
TX002079,AC00256,AC00408,50683,USD,2023-04-24T00:00:00-05:00,COMPLETADA,OK
TX002080,AC00054,AC00145,73894,USD,2023-10-09T18:54:21-05:00,COMPLETADA,OK
TX002082,AC00498,AC00051,22510,USD,2023-12-11T00:00:00-05:00,COMPLETADA,OK
TX002083,AC00005,AC00118,35951,USD,2023-11-30T18:08:00-05:00,COMPLETADA,OK
TX002084,AC00204,AC00500,72046,USD,2023-12-07T16:10:40-05:00,COMPLETADA,OK
TX002085,AC00428,AC00397,111657,USD,2023-02-23T16:54:00-05:00,COMPLETADA,OK
TX002086,AC00019,AC00139,29146,USD,2023-02-08T16:29:56-05:00,COMPLETADA,OK
TX002087,AC00029,AC00311,119295,USD,2023-12-04T00:00:00-05:00,COMPLETADA,OK
TX002088,AC00449,AC00097,9824,USD,2023-04-10T17:58:00-05:00,COMPLETADA,OK
TX002089,AC00213,AC00469,10048,USD,2023-02-17T16:53:25-05:00,COMPLETADA,OK
TX002090,AC00076,AC00381,4590,USD,2023-07-04T00:00:00-05:00,COMPLETADA,OK
TX002091,AC00442,AC00265,25821,USD,2023-11-27T17:19:00-05:00,COMPLETADA,OK
TX002092,AC00228,AC00422,107911,USD,2023-05-05T16:42:25-05:00,COMPLETADA,OK
TX002094,AC00072,AC00161,50130,USD,2023-05-22T18:27:00-05:00,COMPLETADA,OK
TX002095,AC00261,AC00207,2610,USD,2023-02-17T16:21:00-05:00,COMPLETADA,OK
TX002096,AC00082,AC00437,43677,USD,2023-09-28T16:14:49-05:00,COMPLETADA,OK
TX002097,AC00334,AC00292,29238,USD,2023-05-15T16:49:14-05:00,COMPLETADA,OK
TX002099,AC00481,AC00103,2529,USD,2023-07-27T00:00:00-05:00,COMPLETADA,OK
TX002100,AC00239,AC00128,12335,USD,2023-08-11T17:00:56-05:00,COMPLETADA,OK
TX002102,AC00374,AC00361,5120,USD,2023-03-13T18:45:00-05:00,COMPLETADA,OK
TX002103,AC00054,AC00190,12285,USD,2023-11-29T17:38:53-05:00,RECHAZADA,Fondos insuficientes
TX002104,AC00281,AC00259,16138,USD,2023-11-09T16:06:17-05:00,COMPLETADA,OK
TX002105,AC00140,AC00474,251,USD,2023-04-17T00:00:00-05:00,COMPLETADA,OK
TX002106,AC00058,AC00016,2262,USD,2023-05-10T16:35:00-05:00,RECHAZADA,Fondos insuficientes
TX002107,AC00066,AC00252,12683,USD,2023-02-20T16:40:25-05:00,COMPLETADA,OK
TX002108,AC00190,AC00091,4660,USD,2023-08-30T17:54:55-05:00,COMPLETADA,OK
TX002109,AC00452,AC00243,24380,USD,2023-01-03T16:42:41-05:00,COMPLETADA,OK
TX002111,AC00126,AC00430,17505,USD,2023-01-02T17:05:16-05:00,RECHAZADA,Fondos insuficientes
TX002112,AC00021,AC00385,76274,USD,2023-05-02T17:24:00-05:00,RECHAZADA,Fondos insuficientes
TX002113,AC00353,AC00047,3403,USD,2023-05-22T17:09:00-05:00,RECHAZADA,Fondos insuficientes
TX002116,AC00430,AC00496,10151,USD,2023-03-23T16:17:51-05:00,COMPLETADA,OK
TX002117,AC00043,AC00115,30942,USD,2023-10-18T16:51:00-05:00,COMPLETADA,OK
TX002118,AC00186,AC00348,25760,USD,2023-12-18T16:30:00-05:00,COMPLETADA,OK
TX002119,AC00248,AC00335,74678,USD,2023-11-27T00:00:00-05:00,COMPLETADA,OK
TX002120,AC00069,AC00011,8201,USD,2023-12-25T17:27:57-05:00,COMPLETADA,OK
TX002121,AC00002,AC00497,47699,USD,2023-01-10T16:00:32-05:00,RECHAZADA,Fondos insuficientes
TX002122,AC00090,AC00005,32011,USD,2023-08-31T16:26:00-05:00,COMPLETADA,OK
TX002123,AC00210,AC00068,33339,USD,2023-09-11T16:36:59-05:00,COMPLETADA,OK
TX002124,AC00014,AC00309,1030,USD,2023-12-07T16:59:06-05:00,COMPLETADA,OK
TX002125,AC00039,AC00116,73746,USD,2023-01-03T16:28:00-05:00,COMPLETADA,OK
TX002126,AC00021,AC00414,41655,USD,2023-05-05T17:31:53-05:00,COMPLETADA,OK
TX002127,AC00242,AC00366,8491,USD,2023-10-16T00:00:00-05:00,COMPLETADA,OK
TX002128,AC00413,AC00330,9895,USD,2023-12-29T00:00:00-05:00,COMPLETADA,OK
TX002129,AC00082,AC00460,1814,USD,2023-02-17T18:46:59-05:00,COMPLETADA,OK
TX002130,AC00304,AC00179,115479,USD,2023-08-02T00:00:00-05:00,COMPLETADA,OK
TX002131,AC00098,AC00113,21513,USD,2023-01-05T16:02:42-05:00,COMPLETADA,OK
TX002132,AC00372,AC00347,21857,USD,2023-10-16T16:30:38-05:00,RECHAZADA,Fondos insuficientes
TX002133,AC00274,AC00321,34188,USD,2023-06-14T16:34:00-05:00,COMPLETADA,OK
TX002134,AC00080,AC00053,69192,USD,2023-07-10T16:37:18-05:00,COMPLETADA,OK
TX002136,AC00241,AC00431,44043,USD,2023-09-21T17:41:00-05:00,COMPLETADA,OK
TX002137,AC00055,AC00333,29903,USD,2023-01-19T17:27:01-05:00,RECHAZADA,Fondos insuficientes
TX002138,AC00215,AC00145,198,USD,2023-12-25T00:00:00-05:00,COMPLETADA,OK
TX002139,AC00037,AC00057,17345,USD,2023-12-25T16:25:00-05:00,COMPLETADA,OK
TX002140,AC00325,AC00173,43876,USD,2023-02-13T16:48:50-05:00,RECHAZADA,Fondos insuficientes
TX002141,AC00394,AC00328,51962,USD,2023-11-23T17:42:11-05:00,COMPLETADA,OK
TX002142,AC00164,AC00142,73868,USD,2023-03-07T16:36:08-05:00,COMPLETADA,OK
TX002143,AC00096,AC00366,15114,USD,2023-06-01T16:18:49-05:00,COMPLETADA,OK
TX002144,AC00402,AC00334,7577,USD,2023-08-07T17:48:00-05:00,COMPLETADA,OK
TX002145,AC00077,AC00078,44452,USD,2023-04-04T16:11:00-05:00,COMPLETADA,OK
TX002146,AC00116,AC00125,529,USD,2023-03-08T18:51:00-05:00,COMPLETADA,OK
TX002147,AC00145,AC00414,9763,USD,2023-05-15T00:00:00-05:00,COMPLETADA,OK
TX002148,AC00457,AC00415,25695,USD,2023-05-04T16:37:21-05:00,COMPLETADA,OK
TX002150,AC00110,AC00072,125094,USD,2023-02-28T17:45:00-05:00,COMPLETADA,OK
TX002151,AC00284,AC00337,8428,USD,2023-06-12T00:00:00-05:00,COMPLETADA,OK
TX002152,AC00012,AC00153,92745,USD,2023-08-07T18:52:42-05:00,COMPLETADA,OK
TX002153,AC00065,AC00216,20249,USD,2023-12-28T16:30:32-05:00,RECHAZADA,Fondos insuficientes
TX002154,AC00439,AC00378,15499,USD,2023-08-28T00:00:00-05:00,COMPLETADA,OK
TX002156,AC00013,AC00419,17292,USD,2023-08-28T16:56:05-05:00,COMPLETADA,OK
TX002157,AC00355,AC00373,27559,USD,2023-10-10T00:00:00-05:00,RECHAZADA,Fondos insuficientes
TX002158,AC00155,AC00353,20720,USD,2024-01-01T16:12:00-05:00,COMPLETADA,OK
TX002159,AC00105,AC00403,13682,USD,2023-08-25T18:24:06-05:00,COMPLETADA,OK
TX002160,AC00216,AC00483,62400,USD,2023-02-16T17:34:34-05:00,COMPLETADA,OK
TX002161,AC00297,AC00260,17938,USD,2023-08-10T18:31:00-05:00,COMPLETADA,OK
TX002162,AC00139,AC00088,1015,USD,2023-02-23T16:51:00-05:00,COMPLETADA,OK
TX002163,AC00205,AC00450,2630,USD,2023-12-12T16:57:00-05:00,COMPLETADA,OK
TX002164,AC00148,AC00152,31950,USD,2023-06-09T00:00:00-05:00,COMPLETADA,OK
TX002165,AC00064,AC00067,18242,USD,2023-03-22T16:59:00-05:00,COMPLETADA,OK
TX002166,AC00344,AC00373,71662,USD,2023-04-10T16:04:28-05:00,COMPLETADA,OK
TX002167,AC00448,AC00391,22296,USD,2023-03-23T17:26:31-05:00,RECHAZADA,Fondos insuficientes
TX002169,AC00460,AC00172,43108,USD,2023-07-17T18:24:15-05:00,RECHAZADA,Fondos insuficientes
TX002170,AC00020,AC00115,59224,USD,2023-10-16T16:49:07-05:00,COMPLETADA,OK
TX002171,AC00202,AC00383,20019,USD,2023-07-18T18:11:40-05:00,COMPLETADA,OK
TX002172,AC00458,AC00216,29750,USD,2023-03-27T17:16:41-05:00,COMPLETADA,OK
TX002173,AC00139,AC00171,34586,USD,2023-11-20T16:41:00-05:00,RECHAZADA,Fondos insuficientes
TX002174,AC00210,AC00301,34388,USD,2023-12-11T16:37:00-05:00,COMPLETADA,OK
TX002175,AC00399,AC00437,1652,USD,2023-01-04T17:00:58-05:00,COMPLETADA,OK
TX002176,AC00267,AC00028,16210,USD,2023-12-06T00:00:00-05:00,COMPLETADA,OK
TX002177,AC00414,AC00299,3612,USD,2023-11-29T17:55:00-05:00,COMPLETADA,OK
TX002178,AC00272,AC00319,35491,USD,2023-12-18T16:33:07-05:00,COMPLETADA,OK
TX002179,AC00220,AC00457,3841,USD,2023-04-11T16:06:20-05:00,COMPLETADA,OK
TX002180,AC00276,AC00062,5352,USD,2023-03-31T00:00:00-05:00,COMPLETADA,OK
TX002182,AC00189,AC00213,1330,USD,2023-06-06T16:36:00-05:00,RECHAZADA,Fondos insuficientes
TX002184,AC00324,AC00103,25532,USD,2023-09-13T16:14:04-05:00,COMPLETADA,OK
TX002185,AC00159,AC00293,23051,USD,2023-02-17T18:01:00-05:00,COMPLETADA,OK
TX002186,AC00497,AC00235,23774,USD,2023-06-12T18:51:00-05:00,COMPLETADA,OK
TX002187,AC00257,AC00443,51276,USD,2023-04-11T16:37:00-05:00,COMPLETADA,OK
TX002189,AC00115,AC00172,8501,USD,2023-01-23T18:35:43-05:00,COMPLETADA,OK
TX002190,AC00478,AC00091,44447,USD,2023-01-16T16:15:00-05:00,COMPLETADA,OK
TX002191,AC00497,AC00030,18419,USD,2023-04-24T16:28:14-05:00,RECHAZADA,Fondos insuficientes
TX002193,AC00059,AC00398,5598,USD,2023-09-25T16:41:04-05:00,COMPLETADA,OK
TX002194,AC00101,AC00393,5491,USD,2023-02-13T00:00:00-05:00,RECHAZADA,Fondos insuficientes
TX002195,AC00418,AC00403,104769,USD,2023-10-16T16:32:00-05:00,COMPLETADA,OK
TX002196,AC00384,AC00046,39374,USD,2023-12-04T18:11:56-05:00,COMPLETADA,OK
TX002197,AC00496,AC00223,5894,USD,2023-01-16T16:16:42-05:00,COMPLETADA,OK
TX002198,AC00145,AC00208,51557,USD,2023-01-02T17:26:34-05:00,COMPLETADA,OK
TX002199,AC00131,AC00246,33215,USD,2023-10-16T00:00:00-05:00,COMPLETADA,OK
TX002200,AC00224,AC00020,17794,USD,2023-09-26T16:08:25-05:00,COMPLETADA,OK
TX002202,AC00385,AC00008,143154,USD,2023-12-11T16:23:59-05:00,COMPLETADA,OK
TX002203,AC00133,AC00389,24003,USD,2023-02-27T17:25:09-05:00,COMPLETADA,OK
TX002204,AC00056,AC00099,16834,USD,2023-06-27T18:14:00-05:00,COMPLETADA,OK
TX002206,AC00419,AC00128,45170,USD,2023-03-01T00:00:00-05:00,COMPLETADA,OK
TX002207,AC00464,AC00450,24385,USD,2023-12-20T16:41:44-05:00,COMPLETADA,OK
TX002208,AC00430,AC00067,576,USD,2023-08-28T17:13:52-05:00,COMPLETADA,OK
TX002209,AC00071,AC00259,43508,USD,2023-07-24T00:00:00-05:00,RECHAZADA,Fondos insuficientes
TX002210,AC00404,AC00086,12778,USD,2023-04-25T16:41:32-05:00,COMPLETADA,OK
TX002212,AC00235,AC00149,54587,USD,2023-01-02T16:31:28-05:00,COMPLETADA,OK
TX002213,AC00228,AC00268,2121,USD,2023-12-04T16:20:16-05:00,COMPLETADA,OK
TX002214,AC00024,AC00174,42353,USD,2023-08-10T17:08:52-05:00,COMPLETADA,OK
TX002215,AC00330,AC00353,14210,USD,2023-06-08T17:08:06-05:00,COMPLETADA,OK
TX002216,AC00290,AC00176,141324,USD,2023-11-06T18:59:00-05:00,COMPLETADA,OK
TX002218,AC00203,AC00097,27598,USD,2023-12-15T16:04:20-05:00,RECHAZADA,Fondos insuficientes
TX002219,AC00248,AC00466,59068,USD,2023-09-25T16:56:21-05:00,COMPLETADA,OK
TX002220,AC00140,AC00208,15242,USD,2023-10-23T16:45:37-05:00,COMPLETADA,OK
TX002222,AC00225,AC00068,61516,USD,2023-02-06T16:40:00-05:00,COMPLETADA,OK
TX002223,AC00445,AC00012,20782,USD,2023-02-28T16:34:00-05:00,COMPLETADA,OK
TX002225,AC00143,AC00366,28147,USD,2023-08-18T17:02:15-05:00,COMPLETADA,OK
TX002226,AC00448,AC00020,5791,USD,2023-11-28T16:45:00-05:00,COMPLETADA,OK
TX002227,AC00273,AC00329,3048,USD,2023-12-04T16:27:11-05:00,COMPLETADA,OK
TX002228,AC00291,AC00274,115258,USD,2023-09-13T17:58:16-05:00,COMPLETADA,OK
TX002229,AC00337,AC00305,45309,USD,2023-06-05T00:00:00-05:00,RECHAZADA,Fondos insuficientes
TX002230,AC00332,AC00340,42447,USD,2023-02-27T16:05:00-05:00,COMPLETADA,OK
TX002231,AC00040,AC00430,22840,USD,2023-01-05T16:22:12-05:00,COMPLETADA,OK
TX002233,AC00231,AC00228,28489,USD,2023-12-18T00:00:00-05:00,RECHAZADA,Fondos insuficientes
TX002234,AC00277,AC00282,11869,USD,2023-02-13T18:36:21-05:00,RECHAZADA,Fondos insuficientes
TX002236,AC00205,AC00357,25231,USD,2023-03-29T00:00:00-05:00,COMPLETADA,OK
TX002237,AC00036,AC00005,5885,USD,2023-05-15T17:15:25-05:00,COMPLETADA,OK
TX002238,AC00227,AC00340,19468,USD,2023-04-24T00:00:00-05:00,COMPLETADA,OK
TX002239,AC00251,AC00268,43353,USD,2023-10-19T17:06:57-05:00,COMPLETADA,OK
TX002240,AC00298,AC00312,17826,USD,2023-10-16T16:55:59-05:00,COMPLETADA,OK
TX002241,AC00315,AC00215,20765,USD,2023-09-11T00:00:00-05:00,COMPLETADA,OK
TX002242,AC00292,AC00054,23700,USD,2023-02-10T16:50:10-05:00,COMPLETADA,OK
TX002243,AC00252,AC00318,116959,USD,2023-12-25T17:12:21-05:00,RECHAZADA,Fondos insuficientes
TX002244,AC00400,AC00059,34763,USD,2023-12-13T16:41:00-05:00,COMPLETADA,OK
TX002245,AC00384,AC00255,51768,USD,2023-04-05T17:52:24-05:00,COMPLETADA,OK
TX002246,AC00329,AC00103,3625,USD,2023-11-27T00:00:00-05:00,COMPLETADA,OK
TX002247,AC00033,AC00427,4653,USD,2023-06-22T17:27:50-05:00,COMPLETADA,OK
TX002248,AC00003,AC00105,20747,USD,2023-10-02T18:57:19-05:00,COMPLETADA,OK
TX002249,AC00429,AC00210,19970,USD,2023-04-03T18:41:57-05:00,COMPLETADA,OK
TX002250,AC00488,AC00021,30789,USD,2023-07-10T16:34:43-05:00,RECHAZADA,Fondos insuficientes
TX002251,AC00325,AC00468,40363,USD,2023-06-08T00:00:00-05:00,COMPLETADA,OK
TX002252,AC00359,AC00479,2006,USD,2023-04-19T16:41:27-05:00,COMPLETADA,OK
TX002253,AC00478,AC00121,23657,USD,2023-09-01T17:51:00-05:00,RECHAZADA,Fondos insuficientes
TX002255,AC00085,AC00057,1428,USD,2023-09-15T17:03:44-05:00,COMPLETADA,OK
TX002256,AC00349,AC00343,23235,USD,2023-05-12T16:14:22-05:00,COMPLETADA,OK
TX002257,AC00314,AC00488,31753,USD,2023-02-24T18:25:34-05:00,COMPLETADA,OK
TX002258,AC00056,AC00263,7467,USD,2023-05-15T17:37:32-05:00,COMPLETADA,OK
TX002259,AC00399,AC00371,6501,USD,2023-10-24T17:28:18-05:00,COMPLETADA,OK
TX002260,AC00324,AC00132,45,USD,2023-07-26T17:29:00-05:00,COMPLETADA,OK
TX002261,AC00095,AC00235,36413,USD,2023-02-03T16:06:00-05:00,COMPLETADA,OK
TX002262,AC00086,AC00153,34013,USD,2023-02-06T17:23:52-05:00,COMPLETADA,OK
TX002263,AC00279,AC00026,1581,USD,2023-03-02T18:36:55-05:00,COMPLETADA,OK
TX002264,AC00431,AC00090,22266,USD,2023-06-28T16:05:19-05:00,COMPLETADA,OK
TX002265,AC00369,AC00438,63824,USD,2023-03-09T18:04:32-05:00,COMPLETADA,OK
TX002266,AC00089,AC00412,24121,USD,2023-09-25T16:37:04-05:00,COMPLETADA,OK
TX002268,AC00416,AC00049,136067,USD,2023-04-19T16:38:41-05:00,COMPLETADA,OK
TX002269,AC00056,AC00457,3765,USD,2023-09-25T17:29:01-05:00,COMPLETADA,OK
TX002271,AC00396,AC00332,78980,USD,2023-07-10T16:04:39-05:00,COMPLETADA,OK
TX002272,AC00295,AC00184,30885,USD,2023-11-29T18:03:46-05:00,RECHAZADA,Fondos insuficientes
TX002273,AC00268,AC00491,145452,USD,2023-09-22T16:13:00-05:00,COMPLETADA,OK
TX002274,AC00357,AC00451,80697,USD,2023-03-07T17:48:05-05:00,COMPLETADA,OK
TX002275,AC00490,AC00191,36481,USD,2023-06-26T17:34:00-05:00,COMPLETADA,OK
TX002276,AC00367,AC00094,49082,USD,2023-06-01T18:04:00-05:00,COMPLETADA,OK
TX002277,AC00093,AC00206,102138,USD,2023-01-27T00:00:00-05:00,RECHAZADA,Fondos insuficientes
TX002278,AC00177,AC00140,31128,USD,2023-05-22T16:41:12-05:00,COMPLETADA,OK
TX002279,AC00118,AC00355,8503,USD,2023-04-10T16:52:51-05:00,COMPLETADA,OK
TX002280,AC00183,AC00411,30775,USD,2023-04-12T00:00:00-05:00,COMPLETADA,OK
TX002281,AC00137,AC00455,33367,USD,2023-07-06T18:09:06-05:00,COMPLETADA,OK
TX002282,AC00225,AC00058,58989,USD,2023-10-20T00:00:00-05:00,COMPLETADA,OK
TX002283,AC00191,AC00373,37208,USD,2023-03-06T16:37:23-05:00,COMPLETADA,OK
TX002286,AC00149,AC00304,6943,USD,2023-02-06T17:38:53-05:00,COMPLETADA,OK
TX002287,AC00453,AC00292,11040,USD,2023-09-21T16:52:18-05:00,COMPLETADA,OK
TX002288,AC00253,AC00093,27565,USD,2023-08-14T16:52:32-05:00,COMPLETADA,OK
TX002289,AC00149,AC00400,33601,USD,2023-11-09T00:00:00-05:00,COMPLETADA,OK
TX002290,AC00359,AC00015,25180,USD,2023-04-03T16:14:34-05:00,COMPLETADA,OK
TX002291,AC00050,AC00452,33407,USD,2023-08-11T17:27:00-05:00,COMPLETADA,OK
TX002292,AC00054,AC00500,5244,USD,2023-09-06T18:56:00-05:00,COMPLETADA,OK
TX002293,AC00388,AC00248,103085,USD,2023-09-04T17:22:24-05:00,COMPLETADA,OK
TX002294,AC00322,AC00058,14137,USD,2023-07-21T16:54:10-05:00,COMPLETADA,OK
TX002295,AC00140,AC00227,21170,USD,2023-11-13T16:58:00-05:00,COMPLETADA,OK
TX002297,AC00408,AC00007,30823,USD,2023-04-17T16:12:00-05:00,COMPLETADA,OK
TX002298,AC00219,AC00349,11141,USD,2023-12-27T17:18:17-05:00,COMPLETADA,OK
TX002299,AC00339,AC00382,67549,USD,2023-03-15T16:16:53-05:00,COMPLETADA,OK
TX002300,AC00446,AC00290,2972,USD,2023-07-19T17:16:18-05:00,COMPLETADA,OK
TX002301,AC00038,AC00491,30173,USD,2023-06-27T16:40:58-05:00,COMPLETADA,OK
TX002302,AC00387,AC00174,29461,USD,2023-09-28T00:00:00-05:00,COMPLETADA,OK
TX002303,AC00126,AC00354,10643,USD,2023-04-17T17:32:12-05:00,COMPLETADA,OK
TX002304,AC00155,AC00049,38152,USD,2023-11-20T16:42:00-05:00,COMPLETADA,OK
TX002305,AC00494,AC00373,114276,USD,2023-03-15T17:10:00-05:00,COMPLETADA,OK
TX002306,AC00202,AC00178,566,USD,2023-12-04T18:43:37-05:00,COMPLETADA,OK
TX002307,AC00489,AC00329,20909,USD,2023-11-07T18:44:46-05:00,COMPLETADA,OK
TX002308,AC00378,AC00431,52181,USD,2023-11-16T17:26:37-05:00,COMPLETADA,OK
TX002309,AC00255,AC00458,58836,USD,2023-01-09T16:08:44-05:00,COMPLETADA,OK
TX002310,AC00331,AC00028,14667,USD,2023-10-31T16:05:00-05:00,COMPLETADA,OK
TX002312,AC00066,AC00436,5734,USD,2023-10-23T16:03:00-05:00,COMPLETADA,OK
TX002313,AC00166,AC00255,29477,USD,2023-10-10T17:16:59-05:00,COMPLETADA,OK
TX002314,AC00288,AC00039,88132,USD,2023-08-31T17:29:00-05:00,COMPLETADA,OK
TX002315,AC00005,AC00166,16259,USD,2023-02-22T16:18:32-05:00,COMPLETADA,OK
TX002316,AC00191,AC00498,5615,USD,2023-12-28T18:53:29-05:00,COMPLETADA,OK
TX002317,AC00443,AC00260,52455,USD,2023-09-19T16:32:00-05:00,RECHAZADA,Fondos insuficientes
TX002318,AC00096,AC00331,53540,USD,2023-05-12T18:38:11-05:00,COMPLETADA,OK
TX002319,AC00225,AC00420,5684,USD,2023-08-14T17:29:30-05:00,COMPLETADA,OK
TX002320,AC00042,AC00237,13594,USD,2023-01-18T16:48:32-05:00,COMPLETADA,OK
TX002321,AC00460,AC00294,4710,USD,2023-07-03T17:26:49-05:00,COMPLETADA,OK
TX002322,AC00378,AC00440,12405,USD,2023-10-25T00:00:00-05:00,COMPLETADA,OK
TX002323,AC00322,AC00162,80289,USD,2023-08-28T18:32:00-05:00,COMPLETADA,OK
TX002324,AC00328,AC00255,19316,USD,2023-04-06T16:41:31-05:00,COMPLETADA,OK
TX002325,AC00337,AC00010,54152,USD,2023-06-28T17:47:00-05:00,COMPLETADA,OK
TX002326,AC00003,AC00213,2017,USD,2023-01-02T00:00:00-05:00,COMPLETADA,OK
TX002329,AC00386,AC00495,66345,USD,2023-12-12T17:20:46-05:00,COMPLETADA,OK
TX002330,AC00187,AC00156,34386,USD,2023-02-13T16:44:51-05:00,COMPLETADA,OK
TX002331,AC00415,AC00288,6938,USD,2023-01-11T16:09:36-05:00,COMPLETADA,OK
TX002332,AC00315,AC00345,7543,USD,2023-08-14T16:01:00-05:00,COMPLETADA,OK
TX002333,AC00297,AC00175,41464,USD,2023-04-03T16:27:00-05:00,COMPLETADA,OK
TX002334,AC00304,AC00028,8679,USD,2023-01-23T16:31:30-05:00,COMPLETADA,OK
TX002335,AC00016,AC00434,110588,USD,2023-03-06T17:37:32-05:00,RECHAZADA,Fondos insuficientes
TX002336,AC00048,AC00288,1410,USD,2023-12-25T17:13:00-05:00,COMPLETADA,OK
TX002337,AC00485,AC00308,6333,USD,2023-12-26T17:10:00-05:00,COMPLETADA,OK
TX002338,AC00064,AC00338,60627,USD,2023-06-22T17:05:42-05:00,COMPLETADA,OK
TX002339,AC00081,AC00233,447,USD,2023-08-14T16:20:00-05:00,COMPLETADA,OK
TX002340,AC00228,AC00390,28901,USD,2023-08-28T16:41:21-05:00,RECHAZADA,Fondos insuficientes
TX002341,AC00204,AC00002,33869,USD,2023-10-23T18:46:00-05:00,COMPLETADA,OK
TX002342,AC00144,AC00426,9773,USD,2023-05-29T17:55:23-05:00,COMPLETADA,OK
TX002343,AC00420,AC00410,102116,USD,2023-10-16T17:32:16-05:00,COMPLETADA,OK
TX002344,AC00448,AC00268,2761,USD,2023-03-10T16:28:00-05:00,COMPLETADA,OK
TX002345,AC00363,AC00055,28417,USD,2023-05-24T00:00:00-05:00,COMPLETADA,OK
TX002347,AC00456,AC00421,33479,USD,2023-11-20T17:51:05-05:00,COMPLETADA,OK
TX002348,AC00363,AC00371,58451,USD,2023-08-25T17:47:07-05:00,COMPLETADA,OK
TX002349,AC00326,AC00131,43218,USD,2023-05-19T16:31:11-05:00,COMPLETADA,OK
TX002350,AC00500,AC00097,13455,USD,2023-10-09T16:44:50-05:00,COMPLETADA,OK
TX002351,AC00076,AC00438,6166,USD,2023-02-10T16:34:00-05:00,COMPLETADA,OK
TX002352,AC00063,AC00236,1235,USD,2023-02-06T18:39:50-05:00,COMPLETADA,OK
TX002353,AC00376,AC00098,21325,USD,2023-02-23T17:30:07-05:00,COMPLETADA,OK
TX002354,AC00392,AC00056,3493,USD,2023-10-16T16:11:52-05:00,COMPLETADA,OK
TX002355,AC00282,AC00024,95948,USD,2023-01-10T16:28:00-05:00,COMPLETADA,OK
TX002356,AC00238,AC00430,33568,USD,2023-11-06T17:20:40-05:00,COMPLETADA,OK
TX002357,AC00130,AC00064,42396,USD,2023-01-30T18:50:00-05:00,RECHAZADA,Fondos insuficientes
TX002358,AC00194,AC00232,36138,USD,2023-03-02T17:02:00-05:00,COMPLETADA,OK
TX002359,AC00132,AC00303,22082,USD,2023-12-29T00:00:00-05:00,COMPLETADA,OK
TX002360,AC00071,AC00069,71736,USD,2023-01-02T17:00:33-05:00,COMPLETADA,OK
TX002361,AC00457,AC00003,40612,USD,2023-08-03T17:32:39-05:00,COMPLETADA,OK
TX002362,AC00153,AC00025,42783,USD,2023-05-10T17:02:00-05:00,COMPLETADA,OK
TX002365,AC00362,AC00401,71774,USD,2023-12-08T16:51:00-05:00,COMPLETADA,OK
TX002366,AC00195,AC00091,39368,USD,2023-09-18T00:00:00-05:00,COMPLETADA,OK
TX002367,AC00010,AC00090,28191,USD,2023-01-12T17:10:03-05:00,COMPLETADA,OK
TX002368,AC00032,AC00067,23985,USD,2023-01-26T16:17:52-05:00,COMPLETADA,OK
TX002369,AC00202,AC00338,23784,USD,2023-09-22T17:40:00-05:00,COMPLETADA,OK
TX002370,AC00262,AC00453,45929,USD,2023-01-26T18:07:00-05:00,COMPLETADA,OK
TX002371,AC00158,AC00453,19649,USD,2023-12-22T17:31:59-05:00,RECHAZADA,Fondos insuficientes
TX002372,AC00465,AC00312,2123,USD,2023-09-11T16:35:15-05:00,COMPLETADA,OK
TX002374,AC00130,AC00205,34487,USD,2023-08-28T00:00:00-05:00,COMPLETADA,OK
TX002375,AC00500,AC00497,12962,USD,2023-07-06T16:47:00-05:00,COMPLETADA,OK
TX002376,AC00384,AC00414,1653,USD,2023-07-24T17:07:00-05:00,COMPLETADA,OK
TX002377,AC00027,AC00213,27702,USD,2023-11-13T00:00:00-05:00,COMPLETADA,OK
TX002378,AC00176,AC00455,1302,USD,2023-06-14T16:24:08-05:00,COMPLETADA,OK
TX002379,AC00150,AC00155,19902,USD,2023-01-30T17:36:00-05:00,COMPLETADA,OK
TX002380,AC00443,AC00281,68450,USD,2023-07-31T18:52:14-05:00,COMPLETADA,OK
TX002381,AC00098,AC00366,117374,USD,2023-09-25T00:00:00-05:00,COMPLETADA,OK
TX002382,AC00452,AC00284,4592,USD,2023-06-19T17:25:00-05:00,RECHAZADA,Fondos insuficientes
TX002383,AC00119,AC00103,76173,USD,2023-09-11T17:15:04-05:00,COMPLETADA,OK
TX002385,AC00190,AC00177,60280,USD,2023-03-20T00:00:00-05:00,COMPLETADA,OK
TX002387,AC00450,AC00333,5738,USD,2023-02-13T00:00:00-05:00,COMPLETADA,OK
TX002388,AC00300,AC00092,9464,USD,2023-05-15T18:30:00-05:00,COMPLETADA,OK
TX002389,AC00183,AC00357,15556,USD,2023-04-24T00:00:00-05:00,COMPLETADA,OK
TX002390,AC00079,AC00365,30139,USD,2023-07-04T16:21:00-05:00,COMPLETADA,OK
TX002392,AC00063,AC00300,439,USD,2023-06-12T16:03:42-05:00,COMPLETADA,OK
TX002393,AC00345,AC00342,42925,USD,2023-06-12T16:26:36-05:00,COMPLETADA,OK
TX002394,AC00177,AC00347,13854,USD,2023-01-03T17:56:00-05:00,COMPLETADA,OK
TX002395,AC00165,AC00432,3303,USD,2023-08-10T16:58:10-05:00,COMPLETADA,OK
TX002396,AC00097,AC00451,7639,USD,2023-02-27T16:28:23-05:00,COMPLETADA,OK
TX002397,AC00241,AC00415,2532,USD,2023-03-07T00:00:00-05:00,COMPLETADA,OK
TX002401,AC00370,AC00386,13169,USD,2023-10-16T00:00:00-05:00,RECHAZADA,Fondos insuficientes
TX002402,AC00073,AC00148,95317,USD,2023-10-12T00:00:00-05:00,RECHAZADA,Fondos insuficientes
TX002403,AC00452,AC00075,6849,USD,2023-10-25T17:37:30-05:00,COMPLETADA,OK
TX002404,AC00111,AC00355,149300,USD,2023-06-07T17:05:41-05:00,COMPLETADA,OK
TX002405,AC00150,AC00105,47062,USD,2023-02-27T00:00:00-05:00,RECHAZADA,Fondos insuficientes
TX002406,AC00103,AC00017,38535,USD,2023-10-03T17:14:00-05:00,RECHAZADA,Fondos insuficientes
TX002407,AC00176,AC00233,7472,USD,2023-07-25T18:58:19-05:00,COMPLETADA,OK
TX002408,AC00194,AC00446,35203,USD,2023-06-08T16:49:20-05:00,COMPLETADA,OK
TX002409,AC00225,AC00289,27587,USD,2023-08-28T18:27:59-05:00,COMPLETADA,OK
TX002410,AC00267,AC00382,9094,USD,2023-11-24T17:55:11-05:00,COMPLETADA,OK
TX002411,AC00129,AC00201,20625,USD,2023-10-03T16:22:49-05:00,COMPLETADA,OK
TX002412,AC00362,AC00403,11676,USD,2023-01-16T16:55:13-05:00,COMPLETADA,OK
TX002413,AC00155,AC00358,9150,USD,2023-03-27T16:26:42-05:00,COMPLETADA,OK
TX002414,AC00019,AC00342,48931,USD,2023-04-03T16:34:10-05:00,COMPLETADA,OK
TX002416,AC00459,AC00491,41449,USD,2023-02-13T16:03:00-05:00,COMPLETADA,OK
TX002417,AC00069,AC00352,31513,USD,2023-12-05T16:04:34-05:00,COMPLETADA,OK
TX002418,AC00046,AC00284,2838,USD,2023-10-03T16:39:18-05:00,COMPLETADA,OK
TX002420,AC00257,AC00319,27722,USD,2023-08-17T17:10:25-05:00,COMPLETADA,OK
TX002421,AC00215,AC00442,5484,USD,2023-05-08T00:00:00-05:00,COMPLETADA,OK
TX002422,AC00152,AC00426,2992,USD,2024-01-01T16:25:13-05:00,RECHAZADA,Fondos insuficientes
TX002423,AC00306,AC00326,13306,USD,2023-02-03T17:00:39-05:00,COMPLETADA,OK
TX002424,AC00340,AC00332,33206,USD,2023-06-21T16:38:00-05:00,COMPLETADA,OK
TX002426,AC00306,AC00310,46832,USD,2023-06-08T16:20:00-05:00,COMPLETADA,OK
TX002427,AC00032,AC00373,58217,USD,2023-12-07T16:02:47-05:00,COMPLETADA,OK
TX002428,AC00374,AC00151,24562,USD,2023-12-15T00:00:00-05:00,COMPLETADA,OK
TX002429,AC00303,AC00351,98190,USD,2023-11-28T16:17:46-05:00,COMPLETADA,OK
TX002430,AC00464,AC00494,8360,USD,2023-12-29T00:00:00-05:00,RECHAZADA,Fondos insuficientes
TX002431,AC00245,AC00265,33122,USD,2023-05-25T16:27:17-05:00,COMPLETADA,OK
TX002432,AC00373,AC00021,5749,USD,2023-11-16T18:09:00-05:00,COMPLETADA,OK
TX002433,AC00386,AC00285,8558,USD,2023-11-23T17:17:00-05:00,COMPLETADA,OK
TX002434,AC00078,AC00084,15756,USD,2023-04-11T17:06:47-05:00,COMPLETADA,OK
TX002437,AC00046,AC00081,94270,USD,2023-11-06T16:24:45-05:00,COMPLETADA,OK
TX002439,AC00432,AC00027,53771,USD,2023-04-04T16:07:04-05:00,COMPLETADA,OK
TX002440,AC00439,AC00321,53817,USD,2023-09-26T17:27:17-05:00,COMPLETADA,OK
TX002441,AC00407,AC00339,21944,USD,2023-07-20T18:13:07-05:00,COMPLETADA,OK
TX002442,AC00004,AC00406,6162,USD,2023-10-09T16:01:25-05:00,COMPLETADA,OK
TX002443,AC00079,AC00185,5877,USD,2023-07-13T16:35:37-05:00,COMPLETADA,OK
TX002444,AC00356,AC00364,53813,USD,2023-09-07T00:00:00-05:00,COMPLETADA,OK
TX002445,AC00269,AC00113,17705,USD,2023-08-29T16:22:40-05:00,COMPLETADA,OK
TX002446,AC00439,AC00267,40301,USD,2023-09-04T17:32:35-05:00,COMPLETADA,OK
TX002448,AC00140,AC00280,16322,USD,2023-04-06T18:06:12-05:00,COMPLETADA,OK
TX002449,AC00460,AC00048,24285,USD,2023-10-23T16:19:39-05:00,COMPLETADA,OK
TX002450,AC00494,AC00453,29122,USD,2023-11-03T16:45:25-05:00,COMPLETADA,OK
TX002453,AC00242,AC00387,6676,USD,2023-04-24T00:00:00-05:00,COMPLETADA,OK
TX002454,AC00222,AC00245,19090,USD,2023-10-09T00:00:00-05:00,COMPLETADA,OK
TX002456,AC00043,AC00334,65581,USD,2023-05-05T00:00:00-05:00,COMPLETADA,OK
TX002458,AC00315,AC00124,7992,USD,2023-02-06T17:32:00-05:00,RECHAZADA,Fondos insuficientes
TX002460,AC00483,AC00125,23534,USD,2023-10-16T16:13:57-05:00,COMPLETADA,OK
TX002461,AC00430,AC00350,8635,USD,2023-09-04T17:17:40-05:00,COMPLETADA,OK
TX002462,AC00320,AC00196,33799,USD,2023-03-02T16:41:57-05:00,COMPLETADA,OK
TX002463,AC00464,AC00485,57713,USD,2023-09-27T16:50:01-05:00,COMPLETADA,OK
TX002464,AC00436,AC00132,21333,USD,2023-08-28T16:41:57-05:00,RECHAZADA,Fondos insuficientes
TX002465,AC00279,AC00145,5452,USD,2023-03-02T17:32:00-05:00,COMPLETADA,OK
TX002467,AC00251,AC00192,88392,USD,2023-11-03T16:08:00-05:00,COMPLETADA,OK
TX002468,AC00412,AC00261,6980,USD,2023-05-02T00:00:00-05:00,COMPLETADA,OK
TX002469,AC00284,AC00023,76894,USD,2023-10-11T17:36:00-05:00,COMPLETADA,OK
TX002470,AC00054,AC00335,17962,USD,2023-11-15T16:00:38-05:00,COMPLETADA,OK
TX002471,AC00128,AC00265,42591,USD,2023-03-24T16:34:27-05:00,COMPLETADA,OK
TX002472,AC00236,AC00050,26334,USD,2023-03-08T17:43:41-05:00,RECHAZADA,Fondos insuficientes
TX002473,AC00275,AC00491,11303,USD,2023-03-15T17:53:09-05:00,COMPLETADA,OK
TX002474,AC00122,AC00275,1102,USD,2023-07-31T00:00:00-05:00,COMPLETADA,OK
TX002476,AC00058,AC00324,15200,USD,2023-12-18T18:11:24-05:00,COMPLETADA,OK
TX002478,AC00042,AC00429,24641,USD,2023-05-26T17:10:00-05:00,COMPLETADA,OK
TX002479,AC00276,AC00277,33684,USD,2023-03-07T17:24:00-05:00,COMPLETADA,OK
TX002480,AC00275,AC00451,26145,USD,2023-10-27T00:00:00-05:00,COMPLETADA,OK
TX002481,AC00070,AC00398,9998,USD,2023-03-30T16:52:05-05:00,COMPLETADA,OK
TX002482,AC00317,AC00420,40069,USD,2023-04-03T00:00:00-05:00,COMPLETADA,OK
TX002483,AC00347,AC00384,41147,USD,2023-12-25T16:25:00-05:00,COMPLETADA,OK
TX002484,AC00179,AC00013,20463,USD,2023-06-21T00:00:00-05:00,RECHAZADA,Fondos insuficientes
TX002485,AC00172,AC00170,42156,USD,2023-07-18T17:56:55-05:00,COMPLETADA,OK
TX002488,AC00125,AC00037,5410,USD,2023-05-19T17:47:41-05:00,COMPLETADA,OK
TX002489,AC00311,AC00117,1810,USD,2023-04-14T16:33:13-05:00,COMPLETADA,OK
TX002490,AC00116,AC00210,40862,USD,2023-05-22T17:41:00-05:00,COMPLETADA,OK
TX002491,AC00265,AC00324,16210,USD,2023-12-04T16:14:07-05:00,COMPLETADA,OK
TX002492,AC00493,AC00162,16531,USD,2023-04-03T16:05:00-05:00,COMPLETADA,OK
TX002494,AC00279,AC00004,85690,USD,2023-03-17T16:10:35-05:00,COMPLETADA,OK
TX002495,AC00322,AC00317,43390,USD,2023-03-10T17:38:00-05:00,COMPLETADA,OK
TX002497,AC00432,AC00359,30768,USD,2023-01-18T00:00:00-05:00,COMPLETADA,OK
TX002498,AC00030,AC00185,34817,USD,2023-05-10T00:00:00-05:00,COMPLETADA,OK
TX002499,AC00407,AC00055,4310,USD,2023-10-04T18:25:00-05:00,RECHAZADA,Fondos insuficientes
TX002500,AC00089,AC00353,55778,USD,2023-05-30T00:00:00-05:00,COMPLETADA,OK
TX002501,AC00375,AC00045,32560,USD,2023-09-26T16:15:36-05:00,COMPLETADA,OK
TX002502,AC00216,AC00476,23583,USD,2023-09-01T16:26:50-05:00,COMPLETADA,OK
TX002503,AC00069,AC00204,60354,USD,2023-04-21T16:22:38-05:00,COMPLETADA,OK
TX002504,AC00427,AC00016,27025,USD,2023-11-06T16:56:41-05:00,COMPLETADA,OK
TX002505,AC00047,AC00275,12338,USD,2024-01-01T17:21:00-05:00,COMPLETADA,OK
TX002506,AC00377,AC00384,57712,USD,2023-01-27T17:38:07-05:00,COMPLETADA,OK
TX002507,AC00258,AC00410,9224,USD,2023-04-13T17:45:00-05:00,COMPLETADA,OK
TX002508,AC00297,AC00152,85621,USD,2023-04-26T17:09:36-05:00,COMPLETADA,OK
TX002509,AC00322,AC00074,25154,USD,2023-03-22T17:36:48-05:00,COMPLETADA,OK
TX002510,AC00095,AC00456,2863,USD,2023-08-21T00:00:00-05:00,COMPLETADA,OK
TX002511,AC00118,AC00409,18597,USD,2023-02-24T16:24:46-05:00,COMPLETADA,OK
TX002512,AC00009,AC00333,24308,USD,2023-02-14T16:21:23-05:00,COMPLETADA,OK
